Date,High,Low,Open,Close,Volume,Adj Close,200ma,100ma,50ma,10ma,5ma
2018-01-16,347.7300109863281,331.3299865722656,339.8999938964844,335.1600036621094,12305500.0,328.7085876464844,227.88873779296875,262.34331130981445,279.0804461669922,308.78757629394534,321.3294189453125
2018-01-17,352.2300109863281,336.4100036621094,337.7300109863281,351.010009765625,9611700.0,344.2535095214844,228.75899383544922,263.4632612609863,280.8415673828125,314.1003051757813,327.7200012207031
2018-01-18,350.8299865722656,339.1499938964844,350.70001220703125,340.1600036621094,9458600.0,333.61236572265625,229.57705474853515,264.470458984375,282.4070343017578,318.25476989746096,331.623388671875
2018-01-19,344.0,335.75,341.6700134277344,337.7300109863281,7264400.0,331.2291259765625,230.3733351135254,265.4816264343262,283.87957275390625,322.2817321777344,333.5083923339844
2018-01-22,341.3800048828125,332.0400085449219,335.2900085449219,338.0,6792900.0,331.49395751953125,231.17873489379883,266.4828581237793,285.31721740722656,325.1416046142578,333.85950927734376
2018-01-23,338.94000244140625,334.80999755859375,338.3399963378906,335.5899963378906,4537800.0,329.13031005859375,231.97092086791992,267.4281639099121,286.71851501464846,327.6366363525391,333.9438537597656
2018-01-24,338.989990234375,334.1400146484375,336.20001220703125,334.69000244140625,4205400.0,328.24761962890625,232.75157188415528,268.36493545532227,288.1306005859375,329.23133850097656,330.74267578125
2018-01-25,343.6199951171875,335.29998779296875,336.2099914550781,343.1099853515625,4747500.0,336.5055236816406,233.57971969604492,269.3920901489258,289.74413146972654,331.47234802246095,331.32130737304686
2018-01-26,345.9800109863281,341.25,344.3299865722656,343.2200012207031,5236300.0,336.61346435546875,234.4035472869873,270.41378829956057,291.3290252685547,332.9532836914062,332.39817504882814
2018-01-29,344.4800109863281,340.1000061035156,341.2300109863281,340.82000732421875,3324900.0,334.2596435546875,235.22773155212403,271.44443283081057,292.8797888183594,333.40541076660156,332.95131225585936
2018-01-30,339.9800109863281,334.1600036621094,339.1700134277344,337.7099914550781,4983100.0,331.20947265625,236.0387339782715,272.46779266357424,294.34797302246096,333.65549926757814,333.3671447753906
2018-01-31,360.9700012207031,351.6199951171875,360.5,354.3699951171875,11409600.0,347.5487976074219,236.91507301330566,273.63805953979494,296.1264666748047,333.9850280761719,337.2273803710938
2018-02-01,361.45001220703125,352.0400085449219,352.95001220703125,356.94000244140625,6067600.0,350.0693359375,237.80964447021483,274.8094367980957,297.98361633300783,335.63072509765624,339.9401428222656
2018-02-02,355.20001220703125,348.70001220703125,354.0,348.9100036621094,5486100.0,342.19390869140625,238.6621923828125,275.88440307617185,299.63677001953124,336.7272033691406,341.0562316894531
2018-02-05,350.0,317.3900146484375,342.6700134277344,328.8800048828125,10511300.0,322.5494689941406,239.4121875,276.7630224609375,300.8507440185547,335.83275451660154,338.7141967773438
2018-02-06,341.6700134277344,317.6499938964844,320.0,340.9100036621094,11935100.0,334.3479309082031,240.2159780883789,277.74645751953125,302.3367791748047,336.3545166015625,339.3418884277344
2018-02-07,353.5899963378906,339.8699951171875,340.5199890136719,348.1199951171875,7946700.0,341.41912841796875,241.04704093933105,278.76841262817385,303.9499188232422,337.6716674804687,338.11595458984374
2018-02-08,349.0,329.3999938964844,348.0,329.6600036621094,8295900.0,324.91046142578125,241.78858337402343,279.5885043334961,305.23876953125,336.5121612548828,333.0841796875
2018-02-09,337.80999755859375,319.25,333.54998779296875,332.8299865722656,8833000.0,328.0347595214844,242.55440841674806,280.40003845214846,306.5428338623047,335.6542907714844,330.2523498535156
2018-02-12,347.75,335.1300048828125,336.57000732421875,343.79998779296875,6885000.0,338.8467102050781,243.3670275115967,281.3257400512695,308.0374420166016,336.1129974365234,333.5117980957031
2018-02-13,347.8800048828125,340.2900085449219,340.45001220703125,343.1600036621094,4030200.0,338.2159423828125,244.16874580383302,282.2158688354492,309.3723223876953,336.8136444091797,334.285400390625
2018-02-14,347.42999267578125,341.1700134277344,341.3399963378906,344.8500061035156,4340200.0,339.8816223144531,244.9905332183838,283.11699645996094,310.8468286132813,336.0469268798828,333.9778991699219
2018-02-15,356.54998779296875,348.04998779296875,348.4700012207031,356.4599914550781,5827500.0,351.3243103027344,245.8644817352295,284.1285511779785,312.4209265136719,336.17242431640625,339.2606689453125
2018-02-16,359.5,353.510009765625,356.5899963378906,355.0400085449219,5211600.0,349.9248046875,246.7316732788086,285.14688919067385,314.0146990966797,336.9455139160156,343.6386779785156
2018-02-20,357.7900085449219,351.3999938964844,352.0,353.3500061035156,4303400.0,348.2591552734375,247.59207633972167,286.154619140625,315.52160888671875,339.5164825439453,345.5211669921875
2018-02-21,360.80999755859375,351.75,352.55999755859375,352.3699951171875,5258600.0,347.2932434082031,248.43831512451172,287.1372769165039,316.9366247558594,340.81101379394534,347.3366271972656
2018-02-22,358.07000732421875,352.6400146484375,354.6499938964844,355.9200134277344,3414300.0,350.7921447753906,249.2971883392334,288.16477630615236,318.34453247070314,341.7483154296875,349.51873168945315
2018-02-23,358.7699890136719,353.07000732421875,358.17999267578125,356.6600036621094,3355400.0,351.5214538574219,250.1554256439209,289.2001539611816,319.8207708740234,344.40941467285154,349.55816040039065
2018-02-26,364.0499877929688,358.2099914550781,359.5,363.4800109863281,4148100.0,358.24322509765625,251.05847213745116,290.28538528442385,321.2984558105469,347.4302612304688,351.2218444824219
2018-02-27,369.8900146484375,363.2999877929688,364.6000061035156,364.6400146484375,4774100.0,359.3865051269531,251.9635501098633,291.3872196960449,322.76173706054686,349.48424072265624,353.447314453125
2018-02-28,371.6000061035156,362.2099914550781,366.7999877929688,362.2099914550781,5472900.0,356.991455078125,252.8599983215332,292.4621771240234,324.13710205078127,351.3617919921875,355.3869567871094
2018-03-01,362.739990234375,346.3999938964844,362.3299865722656,349.69000244140625,8978000.0,344.65185546875,253.6989183807373,293.3832048034668,325.2644989013672,351.8388153076172,354.1588989257813
2018-03-02,346.0899963378906,335.29998779296875,341.82000732421875,344.6700134277344,10021300.0,339.7041931152344,254.51159706115723,294.25778045654295,326.2497882080078,350.6768035888672,351.7954467773437
2018-03-05,354.7699890136719,336.6099853515625,338.0,352.75,8140200.0,347.66778564453125,255.3831002807617,295.21384521484373,327.3725775146484,350.4511016845703,349.68035888671875
2018-03-06,355.2099914550781,346.0199890136719,354.239990234375,348.9200134277344,4888300.0,343.8929748535156,256.2424205780029,296.10738418579103,328.40712097167966,350.0144836425781,346.58165283203124
2018-03-07,348.4100036621094,339.5,341.5199890136719,347.0400085449219,4575700.0,342.0400390625,257.0761848449707,296.9774186706543,329.4609008789063,349.4891632080078,343.59136962890625
2018-03-08,352.5,343.95001220703125,349.510009765625,348.7300109863281,4319900.0,343.7057189941406,257.90416793823243,297.85952499389646,330.54662170410154,348.7805206298828,343.4021423339844
2018-03-09,354.8900146484375,350.2300109863281,352.6499938964844,354.5199890136719,3538300.0,349.41229248046875,258.7615566253662,298.81011032104493,331.7413739013672,348.5696044921875,345.34376220703126
2018-03-12,355.2300109863281,343.260009765625,355.20001220703125,344.19000244140625,6088800.0,339.2311096191406,259.5595059204102,299.6685415649414,332.72740234375,346.66839294433595,343.65642700195315
2018-03-13,347.8800048828125,337.6099853515625,345.32000732421875,338.6700134277344,5443800.0,333.7906494140625,260.3214282989502,300.48359161376953,333.5903021240234,344.1088073730469,341.6359619140625
2018-03-14,340.5199890136719,322.29998779296875,339.7900085449219,330.260009765625,13057900.0,325.5018310546875,261.0442339324951,301.2019012451172,334.31567138671875,340.9598449707031,338.3283203125
2018-03-15,332.9200134277344,322.9100036621094,332.29998779296875,329.9800109863281,8766000.0,325.2258605957031,261.7642535400391,301.9272059631348,334.99766418457034,339.0172454833984,334.6323486328125
2018-03-16,330.8299865722656,325.6300048828125,329.82000732421875,330.4700012207031,9329000.0,325.7087707519531,262.48305137634276,302.6016383361816,335.6704852294922,337.6177032470703,329.8916442871094
2018-03-19,333.3299865722656,326.7799987792969,327.45001220703125,331.760009765625,6328900.0,326.980224609375,263.2097095489502,303.31249008178713,336.3908996582031,335.5489471435547,327.44146728515625
2018-03-20,339.70001220703125,331.0,331.8399963378906,337.6300048828125,6500500.0,332.765625,263.95118530273436,304.04529678344727,336.98830749511717,334.43621215820315,327.23646240234376
2018-03-21,341.9100036621094,335.1700134277344,337.07000732421875,337.1000061035156,4056300.0,332.2432556152344,264.69625541687014,304.84682373046877,337.54957275390626,333.45653381347654,328.5847473144531
2018-03-22,332.67999267578125,319.010009765625,330.1099853515625,319.6099853515625,7282200.0,315.0052185058594,265.3658023071289,305.46767852783205,337.6036651611328,330.58648376464845,326.5406188964844
2018-03-23,331.1400146484375,318.32000732421875,320.1499938964844,321.0,7237500.0,316.3752136230469,266.03565353393554,306.1296447753906,337.6492608642578,327.28277587890625,324.6739074707031
2018-03-26,331.94000244140625,323.5899963378906,330.4800109863281,328.9700012207031,5392900.0,324.23040771484375,266.7359077453613,306.84294631958005,337.6977868652344,325.78270568847654,324.1239440917969
2018-03-27,334.8800048828125,319.0,331.510009765625,321.1199951171875,5355500.0,316.49346923828125,267.3969924926758,307.4912677001953,337.4328887939453,324.05298767089846,320.8695129394531
2018-03-28,323.239990234375,311.1700134277344,321.8500061035156,320.0199890136719,5634700.0,315.4093322753906,268.0528018951416,308.1236749267578,337.1669036865234,323.0437377929687,317.5027282714844
2018-03-29,330.4800109863281,322.0,323.3800048828125,327.8800048828125,3652100.0,323.1560974121094,268.7420601654053,308.7932614135742,336.7449554443359,322.8367614746094,319.1329040527344
2018-04-02,329.94000244140625,317.1700134277344,325.20001220703125,322.44000244140625,5024900.0,317.7944641113281,269.39825561523435,309.4178158569336,336.42859741210935,322.0453308105469,319.4167541503906
2018-04-03,331.1000061035156,323.0899963378906,324.760009765625,330.82000732421875,4783100.0,326.0537414550781,270.080862121582,310.10233123779295,336.32508972167966,321.9526824951172,319.7814208984375
2018-04-04,327.80999755859375,311.8800048828125,312.29998779296875,327.44000244140625,8235700.0,322.7224426269531,270.7420120239258,310.73343841552736,336.1496594238281,320.9483642578125,321.0272155761719
2018-04-05,338.9599914550781,330.260009765625,330.5899963378906,336.3999938964844,6220000.0,331.5533447265625,271.4345160675049,311.458317565918,336.1981201171875,320.87937316894534,324.2560180664062
2018-04-06,334.5899963378906,322.2099914550781,330.6099853515625,326.1199951171875,5713600.0,321.42144775390625,272.0799971008301,312.0960986328125,336.0615966796875,321.52099609375,323.9090881347656
2018-04-09,334.8800048828125,322.04998779296875,332.25,322.4800109863281,4931700.0,317.8338928222656,272.70346755981444,312.7161477661133,335.6881640625,321.6668640136719,323.91697387695314
2018-04-10,336.69000244140625,329.54998779296875,331.3500061035156,334.8299865722656,5552000.0,330.0059509277344,273.3864891815185,313.44251953125,335.55601379394534,322.2444183349609,324.70741577148436
2018-04-11,337.57000732421875,326.30999755859375,331.6000061035156,327.3599853515625,4573500.0,322.6435852050781,274.01917137145995,314.10174072265625,335.3236926269531,322.85942993164065,324.6916442871094
2018-04-12,338.3500061035156,330.4599914550781,331.9800109863281,337.4800109863281,4325000.0,332.6177978515625,274.71263389587403,314.8499160766602,335.3518591308594,324.5802764892578,324.9045349121094
2018-04-13,339.6700134277344,326.6000061035156,338.989990234375,329.2799987792969,4733500.0,324.5359191894531,275.3709720611572,315.5090341186523,334.8916015625,324.7182586669922,325.5274291992188
2018-04-16,333.2200012207031,327.6300048828125,332.3399963378906,331.7699890136719,3901400.0,326.99005126953125,276.0380413818359,316.2068161010742,334.4300158691406,325.6378173828125,327.35866088867186
2018-04-17,339.739990234375,333.6499938964844,334.7300109863281,336.7200012207031,3381800.0,331.8687438964844,276.7399771118164,316.9301412963867,334.2235125732422,326.2193176269531,327.73121948242186
2018-04-18,342.3999938964844,337.17999267578125,338.3299865722656,341.0,3117500.0,336.0870666503906,277.46159843444826,317.6725042724609,334.4942645263672,327.5557800292969,330.4199157714844
2018-04-19,342.4100036621094,337.5,340.19000244140625,340.6400146484375,3006800.0,335.73223876953125,278.17737274169923,318.4293649291992,334.52195068359373,327.9736694335937,331.0428039550781
2018-04-20,341.3999938964844,335.04998779296875,340.7300109863281,338.6700134277344,3038000.0,333.7906494140625,278.8678266143799,319.1596499633789,334.36938110351565,329.21058959960936,332.89375
2018-04-23,341.260009765625,336.0,339.54998779296875,338.8399963378906,2765600.0,333.95819091796875,279.5607182312012,319.89455261230466,334.5503356933594,330.82301940917966,334.2873779296875
2018-04-24,347.6700134277344,323.2799987792969,343.1700134277344,329.05999755859375,7051800.0,324.3190612792969,280.20109893798826,320.50942779541015,334.4760217285156,330.25433044433595,332.77744140625
2018-04-25,344.9100036621094,330.5199890136719,338.1199951171875,342.8599853515625,11023600.0,337.9202575683594,280.90177627563475,321.2474673461914,334.4574926757812,331.78199768066406,333.1440795898437
2018-04-26,345.6499938964844,338.3299865722656,344.010009765625,342.7900085449219,5273600.0,337.85125732421875,281.5909083557129,321.9112606811523,334.45019897460935,332.3053436279297,333.56788330078126
2018-04-27,342.9200134277344,337.7699890136719,341.25,340.8800048828125,3390400.0,335.96881103515625,282.2698038482666,322.60938568115233,334.37194274902345,333.4486328125,334.003515625
2018-04-30,342.5799865722656,333.3999938964844,341.1700134277344,333.55999755859375,3721600.0,328.7542419433594,282.91364486694334,323.1707339477539,333.92054138183596,333.6250518798828,332.9627258300781
2018-05-01,333.9100036621094,324.17999267578125,332.5,329.5400085449219,4313100.0,324.7922058105469,283.52662078857423,323.71629425048826,333.4178894042969,332.9173980712891,333.05735473632814
2018-05-02,330.7099914550781,323.9800109863281,329.5,324.19000244140625,3436100.0,319.519287109375,284.11085632324216,324.1823504638672,332.8430920410156,331.2606201171875,329.3771606445313
2018-05-03,332.6300048828125,319.1300048828125,322.9700012207031,330.69000244140625,6383200.0,325.92559814453125,284.73080841064456,324.6761819458008,332.4157391357422,330.2799560546875,326.9920288085938
2018-05-04,335.8900146484375,328.0400085449219,328.0400085449219,334.42999267578125,3655100.0,329.6116943359375,285.35639053344727,325.16833129882815,331.9921301269531,329.862060546875,325.72060546875
2018-05-07,342.9800109863281,335.2099914550781,335.2300109863281,340.42999267578125,4192200.0,335.5252685546875,286.0144497680664,325.7464886474609,331.6722064208984,330.0187683105469,327.07481079101564
2018-05-08,341.94000244140625,336.6099853515625,339.7699890136719,338.3699951171875,4014100.0,333.4949645996094,286.65333892822264,326.2378485107422,331.1772412109375,330.9363586425781,328.81536254882815
2018-05-09,346.92999267578125,338.5799865722656,339.489990234375,344.5,4347000.0,339.5366516113281,287.3222426605225,326.77099060058595,330.780244140625,331.097998046875,332.81883544921874
2018-05-10,348.57000732421875,342.4100036621094,343.989990234375,344.07000732421875,3920400.0,340.8044738769531,287.99612785339355,327.2968032836914,330.45650451660157,331.39331970214846,335.79461059570315
2018-05-11,345.4200134277344,341.04998779296875,343.7699890136719,342.4599914550781,2332200.0,339.2097473144531,288.5602668762207,327.8060806274414,330.3476623535156,331.7174133300781,337.71422119140624
2018-05-14,347.739990234375,343.8900146484375,344.0,344.5899963378906,2520300.0,341.3195495605469,289.0983479309082,328.3148788452148,330.37996948242187,332.97394409179685,338.8730773925781
2018-05-15,343.8500061035156,340.260009765625,343.0,342.1199951171875,3009100.0,338.87298583984375,289.62288703918455,328.78832550048827,330.2040734863281,334.38202209472655,339.948681640625
2018-05-16,343.55999755859375,340.29998779296875,342.0,340.9700012207031,2230100.0,337.73388671875,290.1359607696533,329.24400634765624,330.0808917236328,336.20348205566404,339.5881286621094
2018-05-17,344.7699890136719,340.25,340.4700012207031,344.1400146484375,2483300.0,340.87384033203125,290.67937705993654,329.75923431396484,330.05756774902346,337.69830627441405,339.602001953125
2018-05-18,352.04998779296875,345.19000244140625,345.6000061035156,351.2300109863281,4327700.0,347.89654541015625,291.2651314544678,330.34400299072263,330.1413842773438,339.52679138183595,341.3393615722656
2018-05-21,365.0,358.45001220703125,358.4599914550781,363.9200134277344,6785400.0,360.46612548828125,291.9122791290283,331.0519174194336,330.3624609375,342.0208770751953,345.1686767578125
2018-05-22,364.8500061035156,354.5199890136719,364.0,355.0199890136719,5389400.0,351.6505432128906,292.51796699523925,331.6691259765625,330.610849609375,343.83643493652346,347.72418823242185
2018-05-23,359.6000061035156,351.6199951171875,352.2799987792969,359.2099914550781,4457800.0,355.80078125,293.1321876525879,332.32067718505857,331.0510522460938,345.4628479003906,351.3375671386719
2018-05-24,360.6600036621094,354.3699951171875,358.45001220703125,359.0,3932100.0,355.5928039550781,293.74890785217286,332.98427154541014,331.6528717041016,346.9416809082031,354.28135986328124
2018-05-25,360.6000061035156,357.04998779296875,358.1199951171875,360.0899963378906,2463700.0,356.6724548339844,294.38941467285156,333.6397338867188,332.2818035888672,348.6879516601563,356.0365417480469
2018-05-29,360.9700012207031,350.6600036621094,357.7099914550781,352.4800109863281,4249600.0,349.1346740722656,294.9992074584961,334.2104034423828,332.7503216552734,349.46946411132814,353.77025146484374
2018-05-30,358.9200134277344,354.1000061035156,355.6499938964844,358.19000244140625,2825200.0,354.7904968261719,295.6275242614746,334.84871337890627,333.30652709960935,351.06121520996095,354.3982421875
2018-05-31,356.8299865722656,351.6199951171875,356.8299865722656,352.1600036621094,4406300.0,348.8177185058594,296.2149053955078,335.30793823242186,333.62756896972655,352.1695983886719,353.0016296386719
2018-06-01,358.1499938964844,354.4599914550781,355.7900085449219,356.7200012207031,2657800.0,353.33441162109375,296.8150171661377,335.799482421875,334.04939208984376,353.4156555175781,352.549951171875
2018-06-04,363.3900146484375,358.8500061035156,358.9700012207031,360.7300109863281,2950300.0,357.3063659667969,297.44269538879394,336.24954010009765,334.8954150390625,354.3566375732422,352.6767333984375
2018-06-05,363.3699951171875,358.8500061035156,360.5,360.1000061035156,2567800.0,356.6823425292969,298.07700843811034,336.6754092407227,335.7015576171875,353.97825927734374,354.18626708984374
2018-06-06,371.6000061035156,360.989990234375,362.4599914550781,371.55999755859375,4488400.0,368.0335693359375,298.7671996307373,337.13770385742185,336.5776208496094,355.61656188964844,356.8348815917969
2018-06-07,374.4800109863281,366.0499877929688,372.0,368.5299987792969,4517800.0,365.0323181152344,299.4428235626221,337.4906433105469,337.54839782714845,356.5397155761719,360.0778015136719
2018-06-08,371.4200134277344,365.4599914550781,368.1400146484375,369.5,3292900.0,365.9931335449219,300.10340003967286,337.8634887695313,338.56007385253906,357.5797485351562,362.6095458984375
2018-06-11,373.3299865722656,368.7999877929688,371.0,370.9400024414063,2468500.0,367.4194641113281,300.779204788208,338.0951483154297,339.4453411865234,358.6544494628906,364.6321655273438
2018-06-12,372.7300109863281,367.989990234375,371.239990234375,370.6199951171875,2440400.0,367.1025085449219,301.4502543640137,338.4300497436523,340.43150207519534,360.45123291015625,366.71619873046876
2018-06-13,371.0,363.2900085449219,370.6700134277344,363.8500061035156,3867600.0,360.3967590332031,302.10167625427243,338.72172607421874,341.1183624267578,361.01185913085936,365.1888366699219
2018-06-14,367.6400146484375,358.8299865722656,366.1499938964844,362.4200134277344,4039500.0,358.9803466796875,302.7397240447998,338.9965899658203,341.8435205078125,362.0281219482422,363.9784423828125
2018-06-15,361.6600036621094,353.4700012207031,358.1499938964844,357.8800048828125,9946000.0,354.4833984375,303.33914237976074,339.2501208496094,342.30212158203125,362.1430206298828,361.67649536132814
2018-06-18,357.6499938964844,352.3699951171875,353.19000244140625,354.739990234375,3363200.0,351.3731994628906,303.9231560516357,339.4813766479492,342.9011566162109,361.54970397949216,358.4672424316406
2018-06-19,347.1700134277344,338.57000732421875,347.1700134277344,341.1199951171875,6857300.0,337.8824768066406,304.4436181640625,339.4951461791992,343.30212829589846,359.6697174072266,352.62323608398435
2018-06-20,346.9800109863281,340.4599914550781,346.0,342.69000244140625,4540000.0,339.4375915527344,304.9685878753662,339.52338745117186,343.49076110839843,356.81011962890625,348.4314025878906
2018-06-21,341.1499938964844,336.20001220703125,341.1499938964844,337.6600036621094,4048300.0,334.455322265625,305.4848885345459,339.52534423828126,343.72699584960935,353.75242004394534,343.5263977050781
2018-06-22,340.94000244140625,336.6000061035156,340.42999267578125,338.9100036621094,3192000.0,335.6934814453125,306.01898849487304,339.5701843261719,343.7885095214844,350.7224548339844,339.76841430664064
2018-06-25,333.8500061035156,327.6000061035156,332.5199890136719,331.20001220703125,5006200.0,328.056640625,306.5066611480713,339.37526275634764,343.85892395019533,346.7861724853516,335.1051025390625
2018-06-26,334.3999938964844,330.4800109863281,332.3900146484375,331.29998779296875,3112400.0,328.1556701660156,306.9827814483643,339.1561260986328,343.882236328125,342.89148864746096,333.1597412109375
2018-06-27,341.4200134277344,329.760009765625,334.8500061035156,329.82000732421875,4578900.0,326.68975830078125,307.4427438354492,339.00108459472654,343.7786566162109,339.5207885742187,330.61017456054685
2018-06-28,337.5400085449219,327.2900085449219,330.0,334.6499938964844,3348000.0,331.473876953125,307.92667556762694,339.0903286743164,343.68639282226565,336.7701416015625,330.0138854980469
2018-06-29,340.0,335.3599853515625,337.19000244140625,335.510009765625,3108500.0,332.32574462890625,308.40828216552734,339.07010681152343,343.61826293945313,334.55437622070315,329.3403381347656
2018-07-02,336.3299865722656,329.32000732421875,330.69000244140625,336.0799865722656,2820700.0,332.89031982421875,308.8766156768799,338.9848187255859,343.6002563476562,332.7060882568359,330.30707397460935
2018-07-03,339.69000244140625,332.0,338.17999267578125,332.92999267578125,1464400.0,329.77020263671875,309.3109602355957,339.0334161376953,343.51649658203127,331.8948608398438,330.62998046875
2018-07-05,337.2799987792969,329.1000061035156,336.1499938964844,333.17999267578125,2427900.0,330.0178527832031,309.7266427612305,339.0532470703125,343.6304724121094,330.9528869628906,331.29559936523435
2018-07-06,336.1000061035156,330.45001220703125,332.8399963378906,334.6400146484375,2105100.0,331.4640197753906,310.15258010864255,338.97942016601564,343.50134765625,330.6537567138672,331.2936279296875
2018-07-09,343.0400085449219,336.510009765625,337.5,341.9200134277344,3128700.0,338.6748962402344,310.59993927001955,338.9840097045898,343.5178204345703,330.9518981933594,332.56345825195314
2018-07-10,348.0,342.7799987792969,342.7799987792969,347.1600036621094,3278300.0,343.86517333984375,311.07042083740237,339.02384521484373,343.6757476806641,332.5327514648437,334.7584289550781
2018-07-11,344.3900146484375,339.19000244140625,341.7300109863281,340.6000061035156,3056900.0,337.367431640625,311.5064138031006,338.8842764282227,343.8480114746094,333.4539276123047,336.2778747558594
2018-07-12,346.6000061035156,342.739990234375,345.2799987792969,346.0299987792969,2030700.0,342.7458801269531,311.9796881866455,338.8124871826172,344.2070849609375,335.0595397949219,338.8234802246094
2018-07-13,351.239990234375,346.20001220703125,347.0,350.7900085449219,2272300.0,347.460693359375,312.4795608520508,338.80450256347655,344.7659130859375,336.65822143554686,342.02281494140624
2018-07-16,356.3399963378906,352.3500061035156,353.9700012207031,356.1000061035156,2889000.0,352.7203369140625,312.9980252075195,338.85877349853513,345.30180786132814,338.6976806640625,344.8319030761719
2018-07-17,359.0,355.0400085449219,357.6099853515625,356.8800048828125,2730500.0,353.492919921875,313.5252787780762,338.88578125,345.77943237304686,340.7579406738281,346.7574523925781
2018-07-18,361.8599853515625,354.260009765625,359.0,360.2300109863281,3090100.0,356.8111267089844,314.06941596984865,338.9386779785156,346.2051495361328,343.4620330810547,350.64619140625
2018-07-19,359.3900146484375,355.260009765625,357.69000244140625,355.3299865722656,2711700.0,351.9576110839844,314.58060356140135,338.8758218383789,346.5744024658203,345.6560089111328,352.48853759765626
2018-07-20,356.989990234375,353.0,353.0400085449219,354.8999938964844,1816700.0,351.53167724609375,315.09224662780764,338.7972735595703,346.8143029785156,347.66277465820315,353.302734375
2018-07-23,355.0,352.3900146484375,355.0,353.2699890136719,1943700.0,349.91717529296875,315.59435394287107,338.7265307617188,346.9965570068359,348.78700256347656,352.7421020507812
2018-07-24,359.4700012207031,354.6400146484375,356.75,358.2699890136719,3182000.0,354.8697204589844,316.10595710754393,338.8287094116211,347.30975646972655,349.8874572753906,353.0174621582031
2018-07-25,356.29998779296875,345.5,351.5199890136719,355.9200134277344,7378100.0,352.54205322265625,316.6074342346191,338.9570880126953,347.5342065429688,351.40491943359376,352.1636474609375
2018-07-26,360.20001220703125,355.2699890136719,355.3800048828125,359.32000732421875,3191200.0,355.9097595214844,317.1266764831543,339.03950775146484,347.87494201660155,352.7213073730469,352.9540771484375
2018-07-27,364.5400085449219,359.4700012207031,361.05999755859375,360.6499938964844,2914700.0,357.22711181640625,317.64011665344236,339.17284912109375,348.2648065185547,353.69794921875,354.0931640625
2018-07-30,362.45001220703125,350.4700012207031,361.989990234375,351.05999755859375,3080400.0,347.7281494140625,318.10357444763184,339.2297302246094,348.40189270019533,353.19873046875,353.6553588867188
2018-07-31,359.0199890136719,354.05999755859375,354.3800048828125,356.29998779296875,2728400.0,352.91839599609375,318.5906909942627,339.3218569946289,348.50232971191406,353.1412780761719,353.2650939941406
2018-08-01,357.9100036621094,350.5,354.0899963378906,352.760009765625,2717800.0,349.41204833984375,319.0659824371338,339.32185455322264,348.2812481689453,352.4013702392578,352.63909301757815
2018-08-02,350.7300109863281,346.0299987792969,348.6199951171875,349.7300109863281,2655900.0,346.4107666015625,319.53109634399414,339.3936511230469,348.17645263671875,351.8466857910156,350.7392944335937
2018-08-03,350.989990234375,345.6700134277344,349.5,348.44000244140625,2285200.0,345.13299560546875,319.9953330993652,339.50707458496095,347.9630969238281,351.2068176269531,348.3204711914062
2018-08-06,347.3699951171875,343.1199951171875,347.3699951171875,346.57000732421875,3251100.0,343.28076171875,320.44338256835937,339.68486389160154,347.71685607910155,350.5431762695313,347.4309936523438
2018-08-07,352.1199951171875,345.5,348.04998779296875,350.760009765625,2267400.0,347.4309997558594,320.91706062316894,339.90691528320315,347.5320269775391,349.79930419921874,346.33351440429686
2018-08-08,351.6199951171875,346.25,350.5,347.7799987792969,2333600.0,344.4792785644531,321.34812934875487,340.0946203613281,347.4389190673828,348.99302673339844,345.3469604492187
2018-08-09,346.8399963378906,343.1199951171875,346.07000732421875,343.7200012207031,2301800.0,342.14007568359375,321.7793544769287,340.2462188720703,347.18591064453125,347.6160583496094,344.492822265625
2018-08-10,341.0,336.45001220703125,341.0,339.4100036621094,2745700.0,337.8498840332031,322.1711791229248,340.2970614624023,346.9665539550781,345.67833557128904,343.03619995117185
2018-08-13,342.1499938964844,337.3399963378906,339.6000061035156,338.3599853515625,1877200.0,336.8047180175781,322.5947499084473,340.3426760864258,346.63596008300783,344.58599243164065,341.7409912109375
2018-08-14,340.1499938964844,337.6199951171875,339.1199951171875,339.1400146484375,2017300.0,337.5811462402344,323.01805694580077,340.56843536376954,346.24145568847655,343.05226745605466,339.7710205078125
2018-08-15,337.1400146484375,328.0299987792969,336.57000732421875,331.760009765625,3798600.0,330.2350769042969,323.4183393859863,340.707033996582,345.71251037597654,341.1345703125,336.92218017578125
2018-08-16,347.7200012207031,338.29998779296875,339.05999755859375,345.9800109863281,5867900.0,344.38970947265625,323.8757866668701,340.9086270141602,345.23963317871096,340.9324645996094,337.3721069335937
2018-08-17,348.5,341.6700134277344,346.0,346.3999938964844,3069200.0,344.8077697753906,324.3415188598633,341.19177001953125,344.83514221191405,340.8999420166016,338.76368408203126
2018-08-20,352.6099853515625,347.1000061035156,348.6000061035156,350.739990234375,3018200.0,349.1278076171875,324.82631484985353,341.5289547729492,344.4978356933594,341.4846466064453,341.2283020019531
2018-08-21,354.45001220703125,349.6300048828125,351.0,353.7699890136719,2967200.0,352.14385986328125,325.3060469055176,341.81883239746094,344.19232360839845,341.9559326171875,344.1408447265625
2018-08-22,355.8699951171875,349.8399963378906,354.32000732421875,350.0299987792969,2682900.0,348.42108154296875,325.77145721435545,342.12509857177736,343.8186950683594,342.35011291503906,347.7780456542969
2018-08-23,350.2799987792969,345.4599914550781,349.1499938964844,347.4800109863281,1833400.0,345.8828125,326.2128602600098,342.3233892822266,343.52841613769533,342.72438659667966,348.0766662597656
2018-08-24,350.6300048828125,348.1000061035156,348.7699890136719,349.3800048828125,1954100.0,347.7740783691406,326.6536720275879,342.57390563964844,343.3042907714844,343.71680603027346,348.6699279785156
2018-08-27,355.0,351.010009765625,352.1099853515625,353.739990234375,2279500.0,352.114013671875,327.1189149475098,342.7795123291016,343.25690307617185,345.24773559570315,349.2671691894531
2018-08-28,355.67999267578125,350.6099853515625,355.0,351.2099914550781,2475100.0,349.59564208984375,327.5786764526367,343.0612542724609,343.22135192871093,346.4491851806641,348.7575256347656
2018-08-29,352.3500061035156,349.2099914550781,352.260009765625,350.19000244140625,1850100.0,348.5803527832031,328.0424333190918,343.3687188720703,343.4353094482422,348.28371276855466,348.7893798828125
2018-08-30,350.95001220703125,345.75,350.3500061035156,346.8999938964844,3257700.0,345.3054504394531,328.48211669921875,343.5217138671875,343.55266662597654,348.3752868652344,348.6739074707031
2018-08-31,345.8500061035156,341.5799865722656,345.04998779296875,342.7900085449219,3462700.0,341.21435546875,328.9045811462402,343.7074215698242,343.6878472900391,348.0159454345703,347.361962890625
2018-09-04,346.32000732421875,339.2799987792969,341.6000061035156,346.25,2699400.0,344.658447265625,329.3388720703125,343.82782806396483,343.8671466064453,347.5690093994141,345.870849609375
2018-09-05,347.25,343.1600036621094,345.7699890136719,346.67999267578125,2959000.0,345.0864562988281,329.7711837768555,344.0333334350586,344.2077429199219,346.86326904296874,344.96901245117186
2018-09-06,353.3500061035156,346.5799865722656,347.54998779296875,351.2699890136719,3585900.0,349.6553649902344,330.23340133666994,344.25998657226563,344.63773681640623,346.9866973876953,345.18401489257815
2018-09-07,350.010009765625,344.4599914550781,348.82000732421875,349.2799987792969,3921900.0,347.6745300292969,330.67409286499026,344.41804443359376,345.05743225097655,347.165869140625,345.6578308105469
2018-09-10,350.75,341.67999267578125,349.489990234375,341.8599853515625,3065500.0,340.2886047363281,331.066282043457,344.46005981445313,345.2337268066406,346.4173217773438,345.4726806640625
2018-09-11,346.6199951171875,337.30999755859375,339.010009765625,345.25,2731800.0,343.6630554199219,331.48436645507815,344.539367980957,345.4604730224609,345.5722259521484,345.2736022949219
2018-09-12,355.0400085449219,344.6099853515625,345.0,353.4100036621094,4003800.0,351.7855529785156,331.9394834899902,344.71931701660156,345.8383776855469,345.7912170410156,346.61342163085936
2018-09-13,360.4200134277344,354.29998779296875,356.3599853515625,355.4599914550781,3166500.0,353.82611083984375,332.4062744140625,344.9179962158203,346.3194958496094,346.3157928466797,347.44757080078125
2018-09-14,362.260009765625,356.1000061035156,356.44000244140625,359.79998779296875,2835800.0,358.1461486816406,332.88284744262694,345.25626708984373,346.88206176757814,347.59986267089846,349.54189453125
2018-09-17,361.2999877929688,354.5400085449219,359.2799987792969,355.9599914550781,2554500.0,354.3238220214844,333.3338850402832,345.420302734375,347.3392578125,348.9108093261719,352.34893798828125
2018-09-18,365.80999755859375,356.1000061035156,357.29998779296875,363.5799865722656,3003500.0,361.9087829589844,333.7860693359375,345.66087799072267,347.803935546875,350.63584289550784,355.9980834960937
2018-09-19,371.2300109863281,363.1900024414063,363.5799865722656,365.2200012207031,4753400.0,363.541259765625,334.27299407958986,345.93660247802734,348.1974572753906,352.4813232421875,358.34922485351564
2018-09-20,371.7300109863281,365.6700134277344,368.739990234375,367.4599914550781,4011100.0,365.77093505859375,334.73875167846677,346.3067694091797,348.76552734375,354.09288024902344,360.7381896972656
2018-09-21,372.5700073242188,366.0499877929688,369.3999938964844,372.2300109863281,7144000.0,370.51904296875,335.240166015625,346.7640377807617,349.32099060058596,356.37733154296876,363.2127685546875
2018-09-24,371.8900146484375,367.3299865722656,371.0,367.989990234375,2800200.0,366.2985229492188,335.7070903015137,347.23183013916014,349.6977471923828,358.9783233642578,365.6077087402344
2018-09-25,370.4599914550781,366.8800048828125,369.0799865722656,367.2300109863281,2969200.0,365.5420227050781,336.1520881652832,347.6279943847656,349.9541809082031,361.1662200927734,366.3343566894531
2018-09-26,368.55999755859375,364.3200073242188,367.5,365.0299987792969,2368600.0,363.3521118164063,336.5668649291992,347.9653985595703,350.15136474609375,362.3228759765625,366.29652709960936
2018-09-27,368.9700012207031,364.3999938964844,368.3999938964844,367.3900146484375,2355900.0,365.7012939453125,337.00682373046874,348.26715881347656,350.3291680908203,363.51039428710936,366.2825988769531
2018-09-28,374.2200012207031,366.2200012207031,368.6300048828125,371.8999938964844,3600500.0,370.1905517578125,337.43598159790037,348.6341146850586,350.6938269042969,364.71483459472654,366.21690063476564
2018-10-01,383.2099914550781,375.0,375.1600036621094,382.2900085449219,4755700.0,380.5328063964844,337.90753341674804,349.04407623291013,351.2738494873047,367.3357330322266,369.0637573242187
2018-10-02,388.6199951171875,379.7699890136719,380.8500061035156,386.3699951171875,4622600.0,384.5940246582031,338.389387512207,349.48197174072266,351.9673864746094,369.60425720214846,372.87415771484376
2018-10-03,394.2799987792969,386.6900024414063,388.8999938964844,392.2999877929688,4794300.0,390.4967651367188,338.90046127319334,349.9948419189453,352.67992736816404,372.2998077392578,378.30308837890624
2018-10-04,391.0899963378906,385.2900085449219,390.739990234375,389.989990234375,3822300.0,388.1973876953125,339.3892495727539,350.463620300293,353.3930340576172,374.5424530029297,382.80230712890625
2018-10-05,392.3900146484375,383.0299987792969,389.0,386.4700012207031,2899700.0,384.6935729980469,339.85507583618164,350.921826171875,353.9687103271484,375.95990600585935,385.7029113769531
2018-10-08,386.7300109863281,377.3500061035156,383.8399963378906,385.7699890136719,3324000.0,383.9967956542969,340.31423080444335,351.38445526123047,354.50410400390626,377.7297332763672,386.3957092285156
2018-10-09,386.8200073242188,381.1400146484375,384.3699951171875,385.4400024414063,2862700.0,383.6683044433594,340.7858171081543,351.81239990234377,355.2229071044922,379.5423614501953,386.2105651855469
2018-10-10,383.7999877929688,367.0899963378906,382.9599914550781,367.4700012207031,6033100.0,365.7809143066406,341.1676232910156,351.9912435913086,355.48015747070315,379.7852416992188,381.26739501953125
2018-10-11,369.8500061035156,355.1000061035156,363.4400024414063,358.1099853515625,6266800.0,356.46392822265625,341.50156951904296,351.95122161865237,355.6211950683594,378.86150512695315,374.920703125
2018-10-12,367.1199951171875,352.260009765625,366.010009765625,360.1099853515625,5509700.0,358.4547424316406,341.84419479370115,352.01926361083986,355.86207458496096,377.68792419433595,369.6729370117188
2018-10-15,362.5499877929688,355.5,359.4599914550781,358.8800048828125,2979800.0,357.23040771484375,342.17711853027345,352.03355987548827,356.1040228271484,375.35768432617186,364.3196594238281
2018-10-16,368.5700073242188,358.54998779296875,360.45001220703125,368.25,2822500.0,366.5573425292969,342.5637384033203,352.1432052612305,356.5695544433594,373.55401611328125,360.8974670410156
2018-10-17,368.5,362.70001220703125,368.0,365.5,2238200.0,363.8199768066406,342.9272071838379,352.21468048095704,356.897333984375,370.88633728027344,360.5052795410156
2018-10-18,367.760009765625,356.760009765625,364.8200073242188,359.3500061035156,3254900.0,357.6982421875,343.2553598022461,352.30031616210937,357.1617132568359,367.8364227294922,360.75214233398435
2018-10-19,359.8699951171875,354.2099914550781,359.79998779296875,356.260009765625,3491600.0,354.6224365234375,343.5736744689941,352.298635559082,357.41136047363284,364.8293090820313,359.9856811523438
2018-10-22,358.760009765625,352.4599914550781,357.8500061035156,355.9800109863281,2263500.0,354.34375,343.83091705322266,352.35389587402346,357.7412377929688,361.86400451660154,359.408349609375
2018-10-23,353.55999755859375,342.8299865722656,349.5,350.04998779296875,4389600.0,348.44097900390625,344.0522219848633,352.3049615478516,357.9739630126953,358.3412719726563,355.7850769042969
2018-10-24,364.6000061035156,351.69000244140625,361.5899963378906,354.6499938964844,8442600.0,353.01983642578125,344.25581817626954,352.2620962524414,358.28273681640627,357.06516418457034,353.625048828125
2018-10-25,364.3900146484375,354.9700012207031,357.29998779296875,363.7699890136719,4003500.0,362.097900390625,344.4958305358887,352.3162518310547,358.9199932861328,357.62856140136716,354.50498046875
2018-10-26,363.2999877929688,354.1199951171875,360.70001220703125,359.2699890136719,4073000.0,357.61859130859375,344.6749029541016,352.21210205078125,359.18457092285155,357.5449462890625,355.1042114257813
2018-10-29,361.7099914550781,328.6300048828125,360.5499877929688,335.5899963378906,7462000.0,334.0474548339844,344.69644836425783,351.9022534179687,358.96936462402346,355.2266510009766,351.0449523925781
2018-10-30,351.04998779296875,329.7699890136719,330.3500061035156,349.9100036621094,5774000.0,348.3016357421875,344.79441360473635,351.7253384399414,358.9528411865234,353.4010803222656,351.0170837402344
2018-10-31,363.4100036621094,352.510009765625,352.510009765625,354.8599853515625,4175600.0,353.2288513183594,344.8392903137207,351.5834323120117,358.974541015625,352.3419677734375,351.05888671875
2018-11-01,364.5700073242188,353.20001220703125,357.4700012207031,363.0700073242188,3760700.0,361.4011535644531,344.97823425292967,351.526418762207,359.2341424560547,352.71225891113284,350.91953735351564
2018-11-02,371.5400085449219,356.760009765625,366.9700012207031,357.75,4029800.0,356.1055908203125,345.1026165771484,351.48350708007814,359.43859802246095,352.86057434082034,350.6169372558594
2018-11-05,363.2900085449219,356.4800109863281,359.760009765625,361.9800109863281,2253900.0,360.316162109375,345.24672760009764,351.496865234375,359.68943969726564,353.4578155517578,355.8706787109375
2018-11-06,368.4400024414063,362.1099853515625,362.4100036621094,366.4700012207031,2471900.0,364.7855224609375,345.42500366210936,351.5998864746094,359.9428698730469,355.09226989746094,359.1674560546875
2018-11-07,372.8500061035156,359.5,367.6400146484375,372.0199890136719,4015300.0,370.30999755859375,345.6353155517578,351.7892544555664,360.3571569824219,356.8212860107422,362.58368530273435
2018-11-08,373.70001220703125,365.5499877929688,369.3299865722656,370.7699890136719,2751800.0,370.7699890136719,345.806637878418,352.1181295776367,360.80094970703124,357.68849487304686,364.45745239257815
2018-11-09,371.0,366.1199951171875,367.8299865722656,369.3399963378906,2590300.0,369.3399963378906,345.97027053833006,352.41715362548825,361.281640625,358.8606353759766,367.1043334960938
2018-11-12,370.4800109863281,355.989990234375,370.2099914550781,357.0299987792969,3088700.0,357.0299987792969,346.0841223144531,352.642900390625,361.59795349121094,361.1588897705078,366.4471008300781
2018-11-13,355.3800048828125,342.0400085449219,349.54998779296875,349.510009765625,4960000.0,349.510009765625,346.175625,352.78106567382815,361.69498474121093,361.27972717285155,363.3919982910156
2018-11-14,355.8500061035156,343.8900146484375,352.0899963378906,344.7200012207031,3445800.0,344.7200012207031,346.1614810180664,352.9476992797852,361.6876556396484,360.42884216308596,358.2739990234375
2018-11-15,347.9800109863281,336.510009765625,341.1199951171875,341.57000732421875,4863000.0,341.57000732421875,346.118984375,353.0818426513672,361.5259484863281,358.4457275390625,352.4340026855469
2018-11-16,340.19000244140625,331.1600036621094,339.0,335.95001220703125,4425200.0,335.95001220703125,346.08776489257815,353.1744451904297,361.2914581298828,356.4301696777344,345.756005859375
2018-11-19,336.0400085449219,317.20001220703125,335.54998779296875,320.94000244140625,6782800.0,320.94000244140625,346.07971755981447,353.0691064453125,360.90448608398435,352.4925537109375,338.5380065917969
2018-11-20,322.17999267578125,296.6099853515625,302.1000061035156,317.70001220703125,6875900.0,317.70001220703125,345.9964779663086,352.92284912109375,360.3852252197266,347.78400268554685,332.17600708007814
2018-11-21,326.8900146484375,315.57000732421875,325.07000732421875,317.32000732421875,4401000.0,317.32000732421875,345.8759823608398,352.76714599609375,359.69591430664065,342.48500366210936,326.6960083007813
2018-11-23,317.0,311.8699951171875,315.0,312.32000732421875,1599400.0,312.32000732421875,345.813030090332,352.59264404296874,358.8657922363281,336.64000549316404,320.84600830078125
2018-11-26,318.5899963378906,310.6600036621094,315.55999755859375,316.3599853515625,3362300.0,316.3599853515625,345.7546562194824,352.45606536865233,358.0300689697266,331.3420043945313,316.9280029296875
2018-11-27,318.55999755859375,310.9599914550781,315.2799987792969,318.0299987792969,2946400.0,318.0299987792969,345.6505726623535,352.3217251586914,357.3041925048828,327.44200439453124,316.34600219726565
2018-11-28,334.010009765625,321.7300109863281,325.7200012207031,333.5,6117600.0,333.5,345.62699295043944,352.26997619628906,356.73601684570315,325.84100341796875,319.50599975585936
2018-11-29,343.2300109863281,334.05999755859375,335.9700012207031,342.55999755859375,5331900.0,342.55999755859375,345.6403848266602,352.2569244384766,356.3163916015625,325.6250030517578,324.5539978027344
2018-11-30,347.5799865722656,337.5,341.94000244140625,346.760009765625,5374000.0,346.760009765625,345.6175633239746,352.35085021972657,355.9361730957031,326.1440032958984,331.44199829101564
2018-12-03,369.0,356.3699951171875,364.30999755859375,359.9599914550781,6573400.0,359.9599914550781,345.6677392578125,352.52299133300784,355.72499206542966,328.5450012207031,340.16199951171876
2018-12-04,358.32000732421875,341.739990234375,357.0,342.5,5199100.0,342.5,345.6389434814453,352.47338439941404,355.2490216064453,330.7010009765625,345.0559997558594
2018-12-06,333.6300048828125,317.29998779296875,329.989990234375,331.8999938964844,9297400.0,331.8999938964844,345.5619772338867,352.26518096923826,354.57618103027346,332.1209991455078,344.7359985351562
2018-12-07,337.6099853515625,321.3900146484375,332.3500061035156,323.2200012207031,4526300.0,323.2200012207031,345.42411651611326,351.96245178222654,353.7735388183594,332.71099853515625,340.8679992675781
2018-12-10,327.20001220703125,315.510009765625,321.2699890136719,326.3500061035156,4400500.0,326.3500061035156,345.29825927734373,351.65784057617185,352.98651306152345,334.11399841308594,336.78599853515624
2018-12-11,334.489990234375,318.75,333.25,322.0299987792969,3566400.0,322.0299987792969,345.11719314575197,351.358564453125,352.02330200195314,334.6809997558594,329.2
2018-12-12,331.8999938964844,324.6600036621094,327.3800048828125,326.69000244140625,3424800.0,326.69000244140625,344.9537106323242,351.11014770507813,350.9464459228516,335.5470001220703,326.0380004882812
2018-12-13,328.739990234375,324.1700134277344,328.3999938964844,325.4700012207031,2247700.0,325.4700012207031,344.7961033630371,350.8656759643555,349.76396545410154,334.74400024414064,324.752001953125
2018-12-14,323.9100036621094,315.55999755859375,322.45001220703125,318.75,3298400.0,318.75,344.66659408569336,350.5044787597656,348.3290301513672,332.3630004882813,323.8580017089844
2018-12-17,327.2200012207031,314.44000244140625,316.9100036621094,316.1300048828125,4968400.0,316.1300048828125,344.54872314453127,350.1403582763672,346.8876824951172,329.3,321.8140014648437
2018-12-18,332.0899963378906,323.20001220703125,325.4599914550781,328.05999755859375,5881100.0,328.05999755859375,344.45068420410155,349.86186065673826,345.7550109863281,326.11000061035156,323.02000122070314
2018-12-19,333.4800109863281,316.1000061035156,329.3299865722656,319.54998779296875,4871500.0,319.54998779296875,344.3289692687988,349.4850894165039,344.46607482910156,323.81499938964845,321.5919982910156
2018-12-20,321.82000732421875,308.0,317.0,313.04998779296875,5368600.0,313.04998779296875,344.1840190124512,349.138307800293,343.05370849609375,321.92999877929685,319.1079956054688
2018-12-21,314.9700012207031,304.010009765625,309.0899963378906,304.54998779296875,7641700.0,304.54998779296875,343.9882403564453,348.65462371826175,341.8290899658203,320.06299743652346,316.2679931640625
2018-12-24,303.0,294.1600036621094,300.6499938964844,294.1600036621094,3435300.0,294.1600036621094,343.7119789123535,348.1021032714844,340.58301147460935,316.8439971923828,311.8739929199219
2018-12-26,314.0899963378906,292.4700012207031,298.6099853515625,313.92999267578125,4843400.0,313.92999267578125,343.5854733276367,347.77729553222656,339.6925164794922,316.03399658203125,309.04799194335936
2018-12-27,317.1400146484375,302.239990234375,309.0400085449219,317.1400146484375,4341100.0,317.1400146484375,343.5022201538086,347.49736572265624,338.89070861816407,315.07899780273436,308.5659973144531
2018-12-28,321.5299987792969,315.1499938964844,319.739990234375,316.3800048828125,3725200.0,316.3800048828125,343.45661102294923,347.22835815429687,337.88716186523436,314.1699981689453,309.23200073242185
2018-12-31,323.6400146484375,318.75,320.5,322.5,3557700.0,322.5,343.4429817199707,346.97904815673826,337.0607623291016,314.5449981689453,312.82200317382814
2019-01-02,323.95001220703125,313.7099914550781,316.19000244140625,323.80999755859375,3292200.0,323.80999755859375,343.4334878540039,346.77235534667966,336.38299743652345,315.31299743652346,318.752001953125
2019-01-03,319.739990234375,309.3999938964844,319.489990234375,310.8999938964844,5705600.0,310.8999938964844,343.35308670043946,346.45995452880857,335.50854858398435,313.5969970703125,318.1460021972656
2019-01-04,328.44000244140625,316.0799865722656,316.69000244140625,327.0799865722656,4448800.0,327.0799865722656,343.3246585083008,346.35225555419925,334.96327331542966,314.34999694824216,320.1339965820313
2019-01-07,330.69000244140625,323.3500061035156,330.5199890136719,328.1099853515625,4030300.0,328.1099853515625,343.3039921569824,346.26530822753904,334.5566534423828,315.8559967041016,322.47999267578126
2019-01-08,341.25,332.6499938964844,334.1099853515625,340.5299987792969,4736500.0,340.5299987792969,343.4316160583496,346.2947967529297,334.3068566894531,319.45399780273436,326.08599243164065
2019-01-09,347.20001220703125,340.8699951171875,342.9599914550781,343.8299865722656,4213900.0,343.8299865722656,343.5688899230957,346.43074584960937,333.9414984130859,324.42099609375,330.089990234375
2019-01-10,353.4700012207031,343.0,346.510009765625,352.6099853515625,5358100.0,352.6099853515625,343.7107878112793,346.51294860839846,333.8413262939453,328.28899536132815,338.43198852539064
2019-01-11,354.3599853515625,348.0899963378906,348.55999755859375,352.8999938964844,3155100.0,352.8999938964844,343.8928204345703,346.5938708496094,334.2183770751953,331.8649932861328,343.5959899902344
