Date,High,Low,Open,Close,Volume,Adj Close,200ma,100ma,50ma,15ma,10ma,5ma
2018-01-16,227.50999450683597,216.69000244140625,224.0500030517578,220.1100006103516,17558700.0,219.49752807617188,165.77523483276366,192.74814575195313,204.3543328857422,209.83981424967448,216.95462646484376,221.9387176513672
2018-01-17,225.1199951171875,216.8999938964844,220.6999969482422,224.72000122070312,13407100.0,224.0947113037109,166.35399890899657,193.336854095459,204.73173950195311,211.7976847330729,219.48456726074218,222.49317321777343
2018-01-18,226.63999938964844,222.67999267578125,223.94000244140625,224.44000244140625,10215800.0,223.8154754638672,166.93410194396972,193.9288491821289,205.04875244140624,213.59267578125,220.67823486328126,222.6447509765625
2018-01-19,231.08999633789062,227.0,228.08999633789062,230.1100006103516,15234500.0,229.4697113037109,167.5802710723877,194.59113861083983,205.46011505126953,215.78256530761718,222.3256393432617,223.84739379882814
2018-01-22,233.75999450683597,228.1000061035156,230.42999267578125,233.69000244140625,13773600.0,233.0397491455078,168.24802013397218,195.27756881713867,205.8950457763672,218.195166015625,224.14954986572266,225.98343505859376
2018-01-23,239.8300018310547,235.1000061035156,235.8500061035156,238.91000366210938,11880700.0,238.2452392578125,168.9381663131714,196.01874435424804,206.49128662109376,221.21407674153645,225.83584747314453,229.73297729492188
2018-01-24,240.4900054931641,233.5500030517578,239.0399932861328,235.8000030517578,14499300.0,235.1438751220703,169.61494403839112,196.71914031982422,207.10203338623046,223.63731486002604,227.2179916381836,231.94281005859375
2018-01-25,239.75,235.75,238.0,236.3500061035156,10247100.0,235.69235229492188,170.3071950531006,197.3875518798828,207.50810150146484,225.22488505045573,228.4814682006836,234.31818542480468
2018-01-26,243.33999633789062,237.6000061035156,238.1199951171875,243.3300018310547,12908900.0,242.6529235839844,171.03250843048096,198.11540420532228,208.12333740234374,227.20203552246093,230.40111083984374,236.95482788085937
2018-01-29,248.1100006103516,240.6100006103516,242.7400054931641,246.8500061035156,11377900.0,246.1631317138672,171.77940097808838,198.92370056152345,208.77788513183594,229.2928680419922,232.7814697265625,239.57950439453126
2018-01-30,246.4199981689453,238.41000366210938,241.1100006103516,242.72000122070312,14270800.0,242.04461669921875,172.5147518157959,199.69180862426757,209.43377044677734,230.67035827636718,235.0361785888672,240.3393798828125
2018-01-31,249.2700042724609,244.4499969482422,245.7700042724609,245.8000030517578,11964400.0,245.11605834960938,173.2468607711792,200.48295761108398,210.11859802246093,232.25659993489583,237.13831329345703,242.3338165283203
2018-02-01,246.8999938964844,238.05999755859372,238.5200042724609,240.5,12980600.0,239.83079528808597,173.95224506378173,201.2500535583496,210.70270294189453,233.37481384277345,238.7398452758789,243.16150512695313
2018-02-02,237.97000122070312,231.1699981689453,237.0,233.5200042724609,17961600.0,232.8702392578125,174.6208871459961,201.89462860107423,211.09338592529298,234.0023966471354,239.07989807128905,241.20496826171876
2018-02-05,233.22999572753903,205.0,227.0,213.6999969482422,29130100.0,213.1053771972656,175.1828475189209,202.33547607421875,211.0495083618164,233.3854522705078,237.08646087646486,234.59341735839843
2018-02-06,225.6999969482422,204.0,204.3999938964844,225.5800018310547,27870000.0,224.9523162841797,175.8019539642334,202.88721954345704,211.2619158935547,233.74910481770834,235.75716857910157,231.17495727539062
2018-02-07,234.97000122070312,226.6999969482422,229.5800018310547,228.8000030517578,20073300.0,228.16336059570312,176.43079990386963,203.48073959350586,211.49805725097656,234.02034810384114,235.05911712646486,227.78441772460937
2018-02-08,235.22000122070312,217.50999450683597,233.8800048828125,217.5200042724609,28600000.0,216.91473388671875,176.99450107574464,203.8550456237793,211.56546905517578,233.56029866536457,233.18135528564454,223.20120544433593
2018-02-09,238.88999938964844,217.5200042724609,238.25,232.0800018310547,41865100.0,231.4342193603516,177.63438018798828,204.30040481567383,211.9916793823242,233.69126586914064,232.05948486328126,222.91400146484375
2018-02-12,235.47999572753903,225.02999877929688,235.3600006103516,228.02999877929688,27329300.0,227.3954925537109,178.2460093688965,204.7073698425293,212.62212005615234,233.31498209635416,230.18272094726564,225.77202453613282
2018-02-13,234.5,225.25,226.55999755859372,232.6300048828125,15638100.0,231.9827117919922,178.88723846435548,205.17525482177734,213.25874389648436,232.8974802652995,229.17653045654296,227.1781036376953
2018-02-14,242.58999633789062,230.5500030517578,231.0,241.4199981689453,18624700.0,240.7482452392578,179.56065841674805,205.78141845703124,214.1311099243164,233.27110493977864,228.7397491455078,229.69508056640626
2018-02-15,248.3699951171875,241.5200042724609,244.7899932861328,246.5,17472500.0,245.8140869140625,180.27512226104736,206.45577941894533,215.32457946777345,233.94588724772134,229.33807830810548,235.474951171875
2018-02-16,250.0,243.47000122070312,245.3999938964844,243.83999633789062,15941400.0,243.1614990234375,180.97249393463136,207.18333633422853,216.44345703125,233.97979227701822,230.36720428466796,237.82040710449218
2018-02-20,251.8699951171875,244.6000061035156,244.75,249.0800018310547,17156000.0,248.38693237304688,181.69798202514647,207.9535809326172,217.6365283203125,234.12804565429687,233.8953598022461,242.01869506835936
2018-02-21,251.97000122070312,241.3600006103516,251.69000244140625,241.50999450683597,22307300.0,240.8379821777344,182.3856756591797,208.61076721191407,218.62417236328125,234.04760335286457,235.48392639160156,243.7897491455078
2018-02-22,245.6300048828125,239.5,242.72999572753903,242.1499938964844,13359100.0,241.6262664794922,183.0827312850952,209.2763345336914,219.63755401611328,233.81495056152343,236.83021697998046,243.9653533935547
2018-02-23,245.92999267578125,242.5200042724609,244.57000732421875,245.92999267578125,10382500.0,245.39810180664062,183.7978006362915,209.94882766723632,220.66314880371092,234.18610432942708,239.67855377197264,243.8821563720703
2018-02-26,247.97999572753903,244.05999755859372,247.8000030517578,246.5800018310547,11732800.0,246.04669189453125,184.42485828399657,210.62551467895508,221.7779034423828,235.06453450520834,241.13980102539062,244.45919494628907
2018-02-27,248.91000366210938,245.1300048828125,245.5,246.05999755859372,11385900.0,245.5278167724609,185.02341220855712,211.29332580566407,222.97522094726563,237.226030476888,242.95303344726562,243.8873718261719
2018-02-28,248.1000061035156,241.52999877929688,246.5,242.0,13077900.0,241.4765930175781,185.59479759216308,211.9056768798828,224.08572967529298,238.32764892578126,243.9024215698242,244.0150939941406
2018-03-01,244.08999633789062,228.1199951171875,241.91000366210938,232.2100067138672,26003000.0,231.7077789306641,186.08541213989258,212.4213360595703,224.899345703125,238.5639434814453,242.99837493896484,242.031396484375
2018-03-02,236.8000030517578,221.8500061035156,227.8600006103516,236.5399932861328,22835700.0,236.0284118652344,186.5851973724365,212.9749200439453,225.67292724609376,239.83818868001302,242.01980743408203,240.15745849609374
2018-03-05,237.25,229.5200042724609,234.50999450683597,235.6499938964844,15519400.0,235.1403350830078,187.12574684143067,213.4788653564453,226.46444763183592,240.08526306152345,241.21769104003906,237.97618713378907
2018-03-06,242.94000244140625,237.3600006103516,239.1000061035156,242.16000366210938,15920200.0,241.6362762451172,187.67217041015624,214.01249313354492,227.37212524414062,241.0346486409505,240.5426254272461,237.1978790283203
2018-03-07,243.9499969482422,237.9499969482422,238.0,241.83999633789062,14530200.0,241.31695556640625,188.20171417236327,214.52289764404296,228.2915655517578,241.65693155924478,240.59052276611328,237.16595153808595
2018-03-08,242.9499969482422,239.38999938964844,242.9499969482422,241.17999267578125,10297800.0,240.6583709716797,188.71352821350098,215.02581924438476,229.21019989013672,241.65093994140625,240.49373321533204,238.95606994628906
2018-03-09,245.8500061035156,242.4499969482422,243.1000061035156,245.3300018310547,12638100.0,244.7994079589844,189.2553567504883,215.53467514038087,230.16837585449218,241.5832946777344,240.4338638305664,240.71026916503905
2018-03-12,253.0,246.6699981689453,247.0,249.75999450683597,15126500.0,249.2198181152344,189.81162071228027,216.05445114135742,231.2203448486328,241.9871826171875,240.7511764526367,243.5261657714844
2018-03-13,254.5,246.0399932861328,251.4900054931641,247.7100067138672,15494300.0,247.17425537109372,190.35920028686525,216.55556533813476,232.22681518554688,241.90633748372395,240.9158203125,244.63376159667968
2018-03-14,250.5500030517578,246.22000122070312,249.4499969482422,248.7400054931641,12637400.0,248.20204162597656,190.89409660339356,217.06865142822267,233.3316244506836,242.39727478027345,241.58836517333984,246.01077880859376
2018-03-15,252.6199951171875,247.63999938964844,249.2899932861328,249.33999633789062,10048800.0,248.80072021484372,191.41690223693848,217.58553192138672,234.33173278808593,242.87557169596354,243.29765930175782,247.63924865722657
2018-03-16,251.25,248.47999572753903,250.0,250.47999572753903,9986400.0,249.93826293945312,191.94798431396484,218.12275665283204,235.09292205810547,243.1782491048177,244.6886444091797,248.66701965332032
2018-03-19,249.3500061035156,237.0,248.17999267578125,241.0,17844300.0,240.4787750244141,192.4317190551758,218.56817657470702,235.64258422851563,242.8070546468099,245.2224884033203,246.91881103515624
2018-03-20,251.1499938964844,241.1199951171875,241.1199951171875,249.5800018310547,13867400.0,249.04022216796875,192.96184547424318,219.07868270874025,236.32737579345704,243.0412150065104,245.96288299560547,247.29200439453126
2018-03-21,252.0,247.3300018310547,249.32000732421875,248.55999755859372,10967200.0,248.02239990234372,193.46512786865233,219.62903610229492,236.86017852783203,243.47760213216145,246.63342742919923,247.25607604980468
2018-03-22,247.8800048828125,240.33999633789062,246.0,241.8500061035156,13779900.0,241.32693481445312,193.9382682800293,220.0922052001953,237.2602685546875,244.11887919108074,246.70028381347657,245.76131896972657
2018-03-23,242.5,232.5200042724609,242.3999938964844,232.97000122070312,18390500.0,232.46612548828125,194.3582433319092,220.40528076171876,237.4484393310547,243.8813934326172,245.46695556640626,242.2668914794922
2018-03-26,244.52999877929688,235.8999938964844,238.0,244.47999572753903,15285600.0,243.95123291015625,194.78177932739257,220.81347625732423,237.85833404541015,244.46878662109376,244.94009704589843,242.9613830566406
2018-03-27,250.0,219.8500061035156,247.75,225.5200042724609,35225000.0,225.0322570800781,195.16219551086425,221.00288528442383,237.91178833007814,243.36185201009116,242.72589721679688,238.1597900390625
2018-03-28,229.38999938964844,217.0,224.1300048828125,221.3500061035156,23647600.0,220.8712615966797,195.51996475219727,221.14679794311525,237.93926300048827,241.9988057454427,239.9928192138672,232.72956237792968
2018-03-29,235.5,220.6999969482422,224.1100006103516,231.58999633789062,22915700.0,231.089111328125,195.92170448303222,221.40544525146484,238.07915100097657,241.36085510253906,238.2216583251953,230.68199768066407
2018-04-02,234.6499938964844,217.5,228.7400054931641,221.0500030517578,23052300.0,220.5718994140625,196.26926498413087,221.53151596069335,238.01427947998047,239.74568786621094,235.28502197265624,228.30315246582032
2018-04-03,230.3500061035156,221.3500061035156,227.8000030517578,225.3500061035156,16685800.0,224.8626251220703,196.635043258667,221.6911264038086,237.92213775634767,238.121875,233.72340698242186,224.4854309082031
2018-04-04,226.66000366210938,214.0,215.00999450683597,226.2400054931641,19729200.0,225.75070190429688,197.00899559020996,221.8357012939453,237.77635681152344,236.69363810221355,231.3944549560547,224.62911987304688
2018-04-05,229.1300048828125,218.4900054931641,228.6000061035156,221.3800048828125,17531000.0,220.9011993408203,197.3303244781494,221.96038131713868,237.4294760131836,234.8735819498698,228.68233489990234,224.635107421875
2018-04-06,221.6000061035156,213.07000732421875,217.22999572753903,214.25,16574700.0,213.7866058349609,197.6172255706787,222.05218200683595,237.0023306274414,232.5393076578776,225.9283020019531,221.1746063232422
2018-04-09,221.97000122070312,214.6000061035156,216.8000030517578,215.41000366210938,12488100.0,214.94412231445312,197.89806587219238,222.04773376464843,236.58736602783202,230.20636494954428,224.1761016845703,220.0490509033203
2018-04-10,229.0,222.41000366210938,224.72000122070312,227.91000366210938,19041900.0,227.4170837402344,198.24674697875977,222.20299331665038,236.28264923095702,229.33558553059896,222.52268676757814,220.55994262695313
2018-04-11,228.97999572753903,224.9199981689453,227.30999755859372,226.2400054931641,11506100.0,225.75070190429688,198.60969734191895,222.32614288330078,235.87440063476564,227.78295084635417,222.59453125,220.55994262695313
2018-04-12,235.32000732421875,228.2100067138672,230.0,234.6000061035156,14848000.0,234.0926055908203,199.02272079467772,222.5745654296875,235.71536041259765,226.85429789225262,223.91666564941406,223.19822387695314
2018-04-13,237.50999450683597,229.5500030517578,237.1699981689453,231.5,12575900.0,230.9993133544922,199.44800651550293,222.77581176757812,235.4330255126953,226.16578979492186,223.90768585205078,226.64076538085936
2018-04-16,232.83999633789062,227.67999267578125,231.7700042724609,231.4900054931641,8769800.0,230.9893341064453,199.8475048828125,222.97944961547853,235.2561962890625,226.0673370361328,224.94942932128907,229.8498077392578
2018-04-17,238.3999938964844,231.3500061035156,233.6000061035156,237.5399932861328,11180600.0,237.0262451171875,200.30242752075196,223.21635116577147,235.33931640625,225.60567118326824,226.1657913208008,231.77164001464843
2018-04-18,239.25,232.7700042724609,235.5,236.3699951171875,9784100.0,235.85877990722656,200.76206665039064,223.4219464111328,235.7943844604492,226.3274393717448,227.17659912109374,233.7932556152344
2018-04-19,233.1000061035156,226.8000030517578,231.75,229.0399932861328,11799900.0,228.54461669921875,201.21117118835448,223.56407318115234,235.86623046875,226.83899637858073,227.9409408569336,232.68365783691405
2018-04-20,232.1000061035156,227.4499969482422,228.69000244140625,228.7100067138672,9655000.0,228.2153625488281,201.64011039733887,223.68266387939454,235.8672705078125,226.6474131266276,229.38381652832032,232.12686767578126
2018-04-23,231.5,222.8300018310547,229.42999267578125,223.8800048828125,10687700.0,223.3957977294922,202.04281105041503,223.78118041992187,235.99689178466798,226.8356730143229,230.2289840698242,230.60816040039063
2018-04-24,228.8000030517578,218.55999755859372,224.9199981689453,221.1999969482422,10364900.0,220.7215881347656,202.41581214904784,223.88715927124022,235.78263916015624,226.55960388183593,229.55943450927734,227.34722900390625
2018-04-25,221.5800018310547,210.3000030517578,220.0,216.66000366210938,14712300.0,216.19140625,202.73161338806153,224.09033874511718,235.55855743408202,225.9223175048828,228.60350494384767,223.41375427246095
2018-04-26,225.5500030517578,220.52999877929688,223.1999969482422,225.22000122070312,9395600.0,224.7328948974609,203.0792694091797,224.3361524963379,235.41356109619142,226.17776387532552,227.66753387451172,222.6514099121094
2018-04-27,230.3000030517578,224.6199951171875,229.5,226.3300018310547,10021200.0,225.8404998779297,203.3994578552246,224.62325805664062,235.11540618896484,226.98135681152343,227.15165252685546,222.1764373779297
2018-04-30,229.0,224.1199951171875,226.9900054931641,224.8999938964844,8196100.0,224.41357421875,203.72187057495117,225.00598770141602,234.6873959350586,227.61265360514324,226.49407653808595,222.37999267578124
2018-05-01,227.25,222.1999969482422,224.57000732421875,227.13999938964844,6344700.0,226.64874267578125,204.03395324707031,225.40029891967774,234.35714080810547,227.56143086751302,225.45632629394532,223.56542358398437
2018-05-02,228.8000030517578,225.25,227.0,226.30999755859372,6706200.0,225.82054138183597,204.3453796386719,225.77117065429687,233.90581298828124,227.5660868326823,224.45250244140624,225.49125061035156
2018-05-03,234.0500030517578,225.7700042724609,227.6000061035156,232.9900054931641,11078600.0,232.4860992431641,204.68162101745605,226.18147384643555,233.73877532958986,227.4589864095052,224.84665069580078,227.0418914794922
2018-05-04,239.19000244140625,231.1300048828125,231.8300018310547,239.05999755859372,10016500.0,238.5429534912109,205.05242782592774,226.65733154296876,233.6771090698242,227.96189575195314,225.87940979003906,229.58238220214844
2018-05-07,250.9900054931641,242.88999938964844,243.2899932861328,248.67999267578125,17190400.0,248.14215087890625,205.459282913208,227.19756942749024,233.73199005126952,229.10541687011718,228.35404510498046,234.32809753417968
2018-05-08,250.50999450683597,246.7100067138672,248.69000244140625,250.3999938964844,12665400.0,249.8584289550781,205.87173248291015,227.79306411743164,233.80822479248047,229.96089579264324,231.26772918701172,238.97003479003905
2018-05-09,255.8699951171875,250.1100006103516,251.2100067138672,255.77999877929688,14919000.0,255.22679138183597,206.32073150634767,228.4887126159668,234.00220428466798,231.2520965576172,235.1712677001953,244.85128479003907
2018-05-10,260.5,257.20001220703125,257.92001342773443,260.1300048828125,24852000.0,259.56741333007807,206.79541610717774,229.22487518310547,234.36402069091798,233.32028299967448,238.65471954345702,250.26754760742188
2018-05-11,259.79000854492193,250.5399932861328,252.77999877929688,254.52999877929688,30361400.0,253.9794921875,207.23265289306642,229.85440032958985,234.80945495605468,235.03789164225262,241.46861877441407,253.3548553466797
2018-05-14,258.489990234375,254.3999938964844,256.07000732421875,255.3600006103516,13078500.0,254.8077087402344,207.7015104675293,230.42898406982422,235.18504089355469,237.13201904296875,244.5080322265625,254.6879669189453
2018-05-15,252.8999938964844,241.5,252.7899932861328,245.55999755859372,24088200.0,245.0289001464844,208.10828170776367,230.92362991333007,235.38281219482423,238.75250651041668,246.3460479736328,253.72206115722656
2018-05-16,248.5200042724609,242.50999450683597,244.0,246.00999450683597,13845700.0,245.47792053222656,208.52665725708007,231.4158851623535,235.45964508056642,240.70494079589844,248.31178588867186,251.77228698730468
2018-05-17,251.5,245.42999267578125,246.0800018310547,247.7100067138672,12994600.0,247.17425537109372,208.94365737915038,231.934178314209,235.57679107666016,242.20103149414064,249.78060150146484,249.2936553955078
2018-05-18,252.3699951171875,245.7400054931641,249.80999755859372,245.94000244140625,12092900.0,245.4080810546875,209.35232452392577,232.44099258422852,235.6717852783203,243.5055369059245,250.4671142578125,247.57937316894532
2018-05-21,250.02999877929688,240.4900054931641,249.8800048828125,244.2400054931641,16015600.0,243.71176147460938,209.74210556030275,232.9092041015625,235.6500323486328,244.79208272298177,250.02407531738282,245.3601837158203
2018-05-22,245.8000030517578,240.25,244.77999877929688,242.6999969482422,12956600.0,242.17507934570312,210.12056900024413,233.3647412109375,235.50913757324219,245.8271718343099,249.2557403564453,244.78941955566407
2018-05-23,247.58999633789062,240.25,240.27999877929688,247.5399932861328,11033700.0,247.1573638916016,210.49835563659667,233.86780746459962,235.50879974365233,247.24962666829427,248.44879760742188,245.12530822753905
2018-05-24,249.3999938964844,245.2400054931641,247.38999938964844,247.69000244140625,10934300.0,247.30714416503903,210.88709655761718,234.41126312255858,235.4909017944336,248.2376963297526,247.22277069091797,245.15188598632812
2018-05-25,249.94000244140625,246.75999450683597,248.1999969482422,249.27999877929688,7302800.0,248.89468383789062,211.2747646331787,234.91225692749023,235.49278106689454,248.9278116861979,246.71428985595702,245.84920654296874
2018-05-29,251.33999633789062,246.6999969482422,248.5500030517578,248.58999633789062,8817100.0,248.2057342529297,211.69567756652833,235.27552627563477,235.45813049316405,248.9320505777995,246.05409240722656,246.7480010986328
2018-05-30,253.33999633789062,248.9499969482422,249.9499969482422,252.9900054931641,9774900.0,252.5989532470703,212.182265625,235.67155914306642,235.70053405761718,249.11475219726563,246.81109771728515,248.83277587890626
2018-05-31,255.1999969482422,251.2700042724609,251.6999969482422,252.19000244140625,12346700.0,251.8002014160156,212.60293060302735,236.04155471801758,235.75573364257812,248.88631286621094,247.44332580566407,249.76134338378907
2018-06-01,257.8699951171875,253.6499938964844,254.0,257.6199951171875,10549200.0,257.2218017578125,213.05777267456054,236.39995010375978,235.9397216796875,248.72993876139324,248.44808044433594,251.74427490234376
2018-06-04,265.739990234375,257.70001220703125,259.0,264.85000610351557,16050600.0,264.44061279296875,213.5578190612793,236.83113189697266,236.40199523925781,249.4273468017578,250.35133361816406,254.85346069335938
2018-06-05,266.58999633789057,263.17001342773443,264.98001098632807,265.07000732421875,9792800.0,264.6602783203125,214.07728370666504,237.24715881347657,237.04587829589843,250.084184773763,252.44618530273436,258.1443695068359
2018-06-06,265.27999877929693,260.76998901367193,261.42999267578125,265.14999389648443,9283900.0,264.74014282226557,214.59699829101564,237.65999526977538,237.4616564941406,251.3982676188151,254.70269165039062,260.572607421875
2018-06-07,265.48001098632807,259.25,265.0,262.89999389648443,9236200.0,262.49362182617193,215.117179107666,238.06133605957032,238.2108837890625,252.53264770507812,256.23631744384767,262.71129150390624
2018-06-08,264.0,259.20001220703125,259.95999145507807,262.27999877929693,9011400.0,261.87457275390625,215.6166261291504,238.48510650634765,239.03095001220703,253.5126688639323,257.69306030273435,263.641845703125
2018-06-11,263.45001220703125,260.10000610351557,261.76998901367193,260.6199951171875,6634300.0,260.2171630859375,216.09159255981444,238.84633102416993,239.6135110473633,254.49994099934895,258.82530822753904,262.7971557617187
2018-06-12,263.07000732421875,259.66000366210943,261.69000244140625,262.57998657226557,7979000.0,262.17410278320307,216.5793832397461,239.22991729736327,240.4455551147461,255.73076375325522,260.2221450805664,262.2999206542969
2018-06-13,265.67001342773443,262.02999877929693,262.6400146484375,262.39999389648443,8455200.0,261.994384765625,217.07315132141113,239.55516403198243,241.1881903076172,257.05205078125,261.16168823242185,261.7507690429687
2018-06-14,269.20001220703125,263.6199951171875,264.22000122070307,266.91000366210943,10750400.0,266.4974365234375,217.58365486145019,239.88974090576173,242.003125,258.3413889567057,262.63141174316405,262.55153198242186
2018-06-15,267.48001098632807,263.35000610351557,264.60000610351557,265.260009765625,10806500.0,264.85000610351557,218.0872664642334,240.15578857421875,242.88210113525392,259.5109130859375,263.39423217773435,263.14661865234376
2018-06-18,265.79998779296875,262.3800048828125,263.48001098632807,265.08999633789057,8906700.0,264.68023681640625,218.58514625549316,240.45115219116212,243.8999737548828,260.5632832845052,263.41819458007814,264.0392333984375
2018-06-19,263.6400146484375,255.0200042724609,260.92001342773443,260.17001342773443,14873300.0,259.76785278320307,219.03972953796386,240.69190719604492,244.7964483642578,261.33409118652344,262.9289520263672,263.5579833984375
2018-06-20,264.45001220703125,260.27999877929693,261.82998657226557,262.3099975585937,9244500.0,261.904541015625,219.4999137878418,240.88442337036133,245.48619750976562,261.9544637044271,262.6453918457031,263.5400146484375
2018-06-21,264.33999633789057,256.79998779296875,263.60000610351557,257.1099853515625,8987900.0,256.71258544921875,219.95680923461913,240.98991790771484,246.10543518066407,262.2819559733073,262.0672882080078,261.5830444335937
2018-06-22,258.489990234375,250.3300018310547,257.95001220703125,250.9499969482422,10854000.0,250.5621032714844,220.38345069885253,241.0750927734375,246.43482513427733,261.8379760742188,260.9360412597656,258.7254638671875
2018-06-25,246.8000030517578,235.5399932861328,246.6499938964844,239.1199951171875,16645400.0,238.75038146972656,220.74719680786131,241.01143600463868,246.58984649658203,260.1252939860026,258.7893630981445,253.53949279785155
2018-06-26,245.6499938964844,239.91000366210938,243.6999969482422,241.9900054931641,11972100.0,241.615966796875,221.1396706390381,241.02928771972657,246.80237915039064,258.58900655110676,256.7335494995117,249.90911560058595
2018-06-27,246.42999267578125,235.5,243.75,235.72000122070312,11347300.0,235.3556365966797,221.47438514709472,241.05414169311524,246.76896697998046,256.630039469401,254.06967468261718,244.59933471679688
2018-06-28,241.33999633789062,235.00999450683597,235.32000732421875,240.8600006103516,8450300.0,240.4877014160156,221.83172050476074,241.32796493530273,246.86154541015625,255.16297810872396,251.468701171875,241.35435791015624
2018-06-29,244.0,236.8500061035156,243.4900054931641,236.8999938964844,9807500.0,236.5338134765625,222.1654997253418,241.44377990722657,247.02132934570312,253.47359415690104,248.6370819091797,238.54869995117187
2018-07-02,242.38999938964844,233.25999450683597,234.08999633789062,242.2400054931641,8939300.0,241.86557006835938,222.5307707977295,241.58080200195312,247.29433349609374,252.25015462239583,246.355615234375,239.17173767089844
2018-07-03,243.8800048828125,236.5,243.63999938964844,236.83999633789062,5568300.0,236.47390747070312,222.81571968078615,241.77639373779297,247.55589569091796,250.53680826822918,244.026220703125,238.14332580566406
2018-07-05,242.92999267578125,237.5,239.07000732421875,242.72999572753903,7655400.0,242.35479736328125,223.09300216674805,241.88559951782227,247.98855987548828,249.22750244140624,242.0712463378906,239.54315795898438
2018-07-06,247.6699981689453,240.8800048828125,241.7400054931641,247.3300018310547,7408800.0,246.94769287109372,223.3942456817627,242.0811215209961,248.60368560791017,247.92418619791667,241.09475708007812,240.83515625
2018-07-09,250.72000122070312,246.07000732421875,250.3300018310547,249.25,7597000.0,248.8647308349609,223.71259826660156,242.24994171142578,249.08632232666017,246.858501180013,240.92501983642578,243.30133972167968
2018-07-10,254.13999938964844,248.1199951171875,249.75,253.25,9000400.0,252.85855102539062,224.07623161315917,242.3710447692871,249.62668334960938,246.0703887939453,242.3358367919922,245.49993591308595
2018-07-11,250.8999938964844,247.1000061035156,249.5,247.52999877929688,9187700.0,247.1473846435547,224.42007858276367,242.38437774658203,250.08135955810548,245.2290242513021,242.88897857666015,247.63463134765624
2018-07-12,253.1699981689453,248.9600067138672,249.3600006103516,251.22999572753903,8637700.0,250.84165954589844,224.82225784301758,242.46117935180663,250.5652178955078,244.491498819987,244.43758087158204,249.33200378417968
2018-07-13,251.97999572753903,247.6199951171875,251.97999572753903,249.32000732421875,6174700.0,248.93463134765625,225.21011863708497,242.46665634155272,251.02749969482423,243.97296854654948,245.2822738647461,249.7293914794922
2018-07-16,250.33999633789062,247.6999969482422,248.1999969482422,248.1999969482422,4925900.0,247.81634521484372,225.57360359191895,242.53643997192384,251.33410461425783,243.7899180094401,246.41052703857423,249.51971435546875
2018-07-17,254.3000030517578,245.17999267578125,246.2100067138672,253.69000244140625,9053400.0,253.29786682128903,225.9647452545166,242.6531559753418,251.62920288085937,244.75975036621094,247.5537567138672,249.60757751464843
2018-07-18,253.9499969482422,249.63999938964844,253.38999938964844,251.6999969482422,6941000.0,251.3109436035156,226.33055603027344,242.71228439331054,251.69257873535156,245.4060821533203,249.03746032714844,250.44028930664064
2018-07-19,253.38999938964844,250.3300018310547,250.94000244140625,252.02999877929688,5893800.0,251.6404266357422,226.69686820983887,242.76822174072265,251.72821868896483,246.49173482259116,249.96602325439454,250.60004272460938
2018-07-20,253.5,250.4499969482422,251.92999267578125,250.88999938964844,5558800.0,250.502197265625,227.05564567565918,242.8179655456543,251.63372680664062,247.15936787923178,250.32147369384765,250.91355590820314
2018-07-23,249.88999938964844,243.27999877929688,249.82000732421875,249.41000366210938,7539600.0,249.0244903564453,227.39956069946288,242.89344451904296,251.42286834716796,247.99207967122396,250.3374496459961,251.15518493652343
2018-07-24,254.8500061035156,248.0,251.3500061035156,248.7100067138672,8865500.0,248.32557678222656,227.74047927856446,243.0596224975586,251.3097900390625,248.42274678548176,249.8841522216797,250.16072692871094
2018-07-25,252.3800048828125,246.75,249.08999633789062,251.8699951171875,7977800.0,251.48068237304688,228.094532623291,243.21414520263673,251.24324951171874,249.423198445638,250.3174819946289,250.19467468261718
2018-07-26,256.32998657226557,250.3800048828125,251.05999755859372,254.83999633789062,8128100.0,254.4460906982422,228.44303405761718,243.40720275878905,251.4315933227539,250.22928466796876,250.67792510986328,250.75580749511718
2018-07-27,256.60000610351557,249.83999633789062,256.32000732421875,252.0200042724609,7385500.0,251.6304626464844,228.75981887817383,243.50714462280274,251.55464416503906,250.54146931966145,250.9475082397461,250.98146057128906
2018-07-30,252.8300018310547,242.72000122070312,252.58999633789062,244.1300048828125,8508500.0,243.75265502929688,229.0271996307373,243.53150161743164,251.48621215820313,250.2006642659505,250.5411392211914,249.92709350585938
2018-07-31,247.8800048828125,242.13999938964844,243.7100067138672,244.8600006103516,7099700.0,244.4815216064453,229.29777618408204,243.5697331237793,251.46768096923827,249.64219563802084,249.65950469970704,249.1582824707031
2018-08-01,248.3600006103516,243.88999938964844,246.1300048828125,246.47000122070312,7088900.0,246.08901977539062,229.5586521911621,243.58262924194335,251.5152261352539,249.57163798014324,249.13731231689454,248.07994995117187
2018-08-02,250.77999877929688,241.2100067138672,243.58999633789062,250.6199951171875,6741700.0,250.23260498046875,229.82360412597657,243.5927571105957,251.6763766479492,249.53103434244792,248.99653015136718,247.23725280761718
2018-08-03,253.05999755859372,250.92999267578125,251.6100006103516,252.1000061035156,5357200.0,251.7103271484375,230.09684158325194,243.63811782836913,251.76743591308593,249.71608072916666,249.11734313964843,247.25322570800782
2018-08-06,254.1699981689453,249.7100067138672,251.58999633789062,254.02999877929688,5187700.0,253.6373443603516,230.38056114196777,243.69247085571288,251.8940399169922,250.1041473388672,249.57862854003906,249.23016357421875
2018-08-07,257.70001220703125,254.9199981689453,256.0,256.95001220703125,6453300.0,256.5528564453125,230.67776206970214,243.7699922180176,252.04720336914062,250.3211466471354,250.40135650634767,251.6444305419922
2018-08-08,260.239990234375,255.58999633789062,257.0,258.42001342773443,6552500.0,258.02056884765625,230.98678596496583,243.8508152770996,252.24350006103515,250.7684549967448,251.0553451538086,254.0307403564453
2018-08-09,259.25,256.14999389648443,259.1400146484375,256.45999145507807,5099000.0,256.06356811523443,231.28741989135742,244.0066632080078,252.31279235839844,251.0633310953776,251.21709289550782,255.19693298339843
2018-08-10,256.10000610351557,252.6999969482422,253.1499938964844,254.7899932861328,6409900.0,254.39614868164062,231.56945259094238,244.06022247314453,252.36471130371095,251.32292785644532,251.49366149902343,255.73409729003907
2018-08-13,261.0,255.07000732421875,255.13999938964844,256.1199951171875,9345600.0,255.7241058349609,231.88313781738282,244.13723953247072,252.3347573852539,251.76956888834636,252.69080657958983,256.1514495849609
2018-08-14,262.0,257.01998901367193,260.3800048828125,261.42999267578125,11655500.0,261.02587890625,232.21321708679199,244.33422897338866,252.26646270751954,252.6162556966146,254.34524230957032,257.0460540771484
2018-08-15,263.6400146484375,255.8999938964844,262.26998901367193,259.07998657226557,14778400.0,258.67950439453125,232.50082176208497,244.59636276245118,252.1468472290039,253.09617716471354,255.6042907714844,257.17784118652344
2018-08-16,262.0,255.00999450683597,261.89999389648443,257.44000244140625,20031500.0,257.04208374023443,232.77037376403808,244.72727127075194,251.99288604736327,253.269243367513,256.2852386474609,257.37354431152346
2018-08-17,252.97000122070312,243.72999572753903,252.94000244140625,244.82000732421875,28579700.0,244.4415740966797,232.9621248626709,244.92136444091796,251.63184509277343,252.78998413085938,255.55836334228516,255.38262939453125
2018-08-20,253.1999969482422,238.72000122070312,243.17999267578125,247.83999633789062,21359700.0,247.4569091796875,233.16700942993165,245.18722091674806,251.34349182128906,253.03693440755208,254.94031982421876,253.72919006347655
2018-08-21,253.5,247.6999969482422,248.5,253.32000732421875,16849700.0,252.92845153808597,233.40552978515626,245.40561431884765,251.19771759033202,253.60006306966145,254.5778793334961,252.10970458984374
2018-08-22,263.01998901367193,251.8600006103516,252.0,262.82000732421875,18746400.0,262.41378784179693,233.67777458190918,245.824033203125,251.2025112915039,254.6883809407552,255.01720123291017,252.85656127929687
2018-08-23,269.48001098632807,260.70001220703125,261.260009765625,266.83999633789057,18017100.0,266.42755126953125,233.9654044342041,246.2396824645996,251.29117462158203,255.7680440266927,256.05359954833983,254.73365478515626
2018-08-24,272.8099975585937,267.0,267.17999267578125,272.22000122070307,13287800.0,271.79922485351557,234.26793449401856,246.7001676940918,251.3972103881836,257.1073038736979,257.79390716552734,260.20518493652344
2018-08-27,278.89999389648443,272.14999389648443,273.42001342773443,275.89999389648443,12644400.0,275.4735107421875,234.60313606262207,247.24589080810546,251.60968048095702,258.56304829915365,259.76884765625,265.8085052490234
2018-08-28,276.57998657226557,269.52999877929693,275.66000366210943,274.3800048828125,11884600.0,273.95590209960943,234.94988288879395,247.84758377075195,251.7951937866211,259.72325134277344,261.0618499755859,270.0139953613281
2018-08-29,279.5,273.07998657226557,273.92001342773443,278.489990234375,10502700.0,278.21160888671875,235.26399620056154,248.48025863647462,252.1640689086914,261.06932067871094,263.0150604248047,273.1735595703125
2018-08-30,281.7200012207031,276.32000732421875,277.23001098632807,277.8099975585937,8665200.0,277.53231811523443,235.5922021484375,248.9814109802246,252.4766244506836,262.5005706787109,265.0640838623047,275.39451293945314
2018-08-31,281.20001220703125,276.60000610351557,277.0,280.67999267578125,7664800.0,280.39944458007807,235.9270206451416,249.52789840698242,252.9503616333008,264.2341237386068,268.65987091064454,277.11455688476565
2018-09-04,285.2200012207031,279.0,280.14999389648443,283.70001220703125,9793000.0,283.41644287109375,236.29785110473634,250.02113677978517,253.60744842529297,266.0802795410156,272.25582427978514,278.70314331054686
2018-09-05,284.4200134277344,275.14999389648443,282.989990234375,278.42001342773443,9828900.0,278.1417236328125,236.63418632507324,250.49256088256837,254.39527526855468,267.22133585611977,274.7771514892578,279.5403076171875
2018-09-06,277.8599853515625,271.3900146484375,277.760009765625,272.72000122070307,8069900.0,272.4473876953125,236.94329551696777,250.90714141845703,255.01190368652342,268.1391947428385,275.7805114746094,278.38746337890626
2018-09-07,276.92999267578125,267.19000244140625,269.0,271.8599853515625,7385500.0,271.5882568359375,237.234556350708,251.25276153564454,255.7365560913086,269.1089396158854,276.29658203125,277.1986511230469
2018-09-10,275.92999267578125,271.0,272.76998901367193,274.73001098632807,5503500.0,274.45541381835943,237.53033714294435,251.63872787475586,256.4159103393555,271.1098622639974,276.56220092773435,276.0098449707031
2018-09-11,276.39999389648443,272.01998901367193,272.8599853515625,272.79998779296875,6077800.0,272.52731323242193,237.8213140106201,252.0785548400879,257.13578033447266,272.7812225341797,276.2675811767578,273.83201904296874
2018-09-12,271.98001098632807,261.92001342773443,271.19000244140625,268.20001220703125,10477300.0,267.93191528320307,238.0791921234131,252.47572036743165,257.6571072387695,273.7814534505208,275.66518249511716,271.79005737304686
2018-09-13,275.0,270.16000366210943,270.8599853515625,271.33999633789057,7638400.0,271.0687866210937,238.36681533813476,252.95245025634765,258.3490048217773,274.35845336914065,274.9509002685547,271.51433715820315
2018-09-14,279.10000610351557,273.5,274.989990234375,276.42999267578125,9673400.0,276.1536865234375,238.6969652557373,253.50677124023437,259.0249826049805,275.0068623860677,274.813037109375,272.42742309570315
2018-09-17,277.3800048828125,273.14999389648443,275.39999389648443,273.92999267578125,5138200.0,273.6561889648437,239.08587890625,254.08141906738283,259.5591525268555,275.1306599934896,274.1387115478516,272.267578125
2018-09-18,278.239990234375,270.75,274.08999633789057,271.01998901367193,7488000.0,270.74908447265625,239.43886672973633,254.54158096313478,259.99683959960936,274.8156982421875,272.8719757080078,271.91193237304685
2018-09-19,272.70001220703125,268.25,270.26998901367193,271.98001098632807,5621500.0,271.70816040039057,239.8117578125,255.0002575683594,260.3738317871094,274.6658487955729,272.22861938476564,272.66718139648435
2018-09-20,268.760009765625,264.10000610351557,267.04998779296875,266.27999877929693,10764600.0,266.01382446289057,240.2111238861084,255.41626007080077,260.7511605834961,273.8526631673177,271.58526306152345,271.65618896484375
2018-09-21,268.60000610351557,262.1099853515625,266.760009765625,263.45001220703125,10878200.0,263.18667602539057,240.59096916198732,255.78163940429687,260.99806091308596,272.8962870279948,270.74510498046874,269.0627868652344
2018-09-24,265.83999633789057,258.67999267578125,262.20001220703125,265.70001220703125,7347800.0,265.43441772460943,240.97447441101073,256.1777781677246,261.328056640625,271.89861857096355,269.84300537109374,267.4184326171875
2018-09-25,269.42001342773443,264.91000366210943,268.3699951171875,268.41000366210943,7009700.0,268.1417236328125,241.35790412902833,256.5343344116211,261.73456420898435,270.88030395507815,269.4044464111328,266.89696044921874
2018-09-26,270.239990234375,266.27999877929693,268.6099853515625,266.92001342773443,6713700.0,266.6531982421875,241.73638420104982,256.81543685913084,262.00167083740234,270.11440226236977,269.2765747070313,265.88596801757814
2018-09-27,269.20001220703125,266.1300048828125,268.33999633789057,267.39999389648443,5360700.0,267.13272094726557,242.10145599365234,257.00534255981444,262.31810638427737,269.7600911458333,268.8829681396484,266.1097473144531
2018-09-28,281.9200134277344,271.60000610351557,272.73001098632807,281.01998901367193,17734900.0,280.73907470703125,242.55360656738281,257.314149017334,262.90007934570315,270.3701456705729,269.3415069580078,269.62022705078124
2018-10-01,292.05999755859375,282.6000061035156,284.1600036621094,289.3599853515625,15551500.0,289.07073974609375,243.07065055847167,257.65258850097655,263.6714501953125,271.34450073242186,270.8829620361328,274.3474914550781
2018-10-02,292.760009765625,285.5799865722656,288.25,286.4800109863281,9599100.0,286.19366455078125,243.57186309814452,257.9188510131836,264.4148336791992,272.2555908203125,272.4274200439453,277.9578796386719
2018-10-03,289.6199951171875,282.5299987792969,289.32000732421875,286.7300109863281,8013800.0,286.4433898925781,244.0489451599121,258.24348999023437,265.17718994140625,273.48968912760415,273.90094299316405,281.91591796875
2018-10-04,286.25,276.17999267578125,285.2699890136719,279.29000854492193,9780500.0,279.01083374023443,244.4572526550293,258.4855212402344,265.72779296875,274.0191589355469,275.2006439208984,284.2915405273437
2018-10-05,280.79998779296875,267.54000854492193,278.29000854492193,269.8599853515625,10665900.0,269.59024047851557,244.82738227844237,258.7311346435547,266.03067596435545,273.5815958658854,275.84100036621095,282.0617736816406
2018-10-08,271.16000366210943,260.07998657226557,266.5,265.76998901367193,10215300.0,265.5043334960937,245.17364196777345,258.93139877319334,266.30815338134767,273.0381388346354,275.8479919433594,277.34849243164064
2018-10-09,268.760009765625,262.79998779296875,264.94000244140625,265.54000854492193,6837500.0,265.27459716796875,245.52329025268554,259.1124021911621,266.7385922241211,272.6731730143229,275.561279296875,273.1646789550781
2018-10-10,263.1099853515625,245.6000061035156,261.260009765625,245.69000244140625,17123500.0,245.4444122314453,245.7768790435791,259.1127655029297,266.7578500366211,270.92225646972656,273.4404006958008,264.9648834228516
2018-10-11,247.55999755859372,234.25999450683597,242.1699981689453,235.1300048828125,18135900.0,234.8949737548828,245.96690086364745,259.02459762573244,266.5339691162109,268.84766642252606,270.2166259765625,256.14171142578124
2018-10-12,249.5399932861328,239.6499938964844,245.50999450683597,246.5399932861328,15205900.0,246.29356384277344,246.21526184082032,259.06578247070314,266.455188293457,267.7214589436849,266.7720748901367,251.4823760986328
2018-10-15,246.0,235.33999633789062,246.0,235.3800048828125,11244000.0,235.1447296142578,246.40673179626464,258.9456561279297,266.1238763427734,265.7021464029948,261.3794738769531,245.41045532226562
2018-10-16,246.27999877929688,237.94000244140625,239.92999267578125,245.8300018310547,10217800.0,245.5842742919922,246.6698452758789,258.92842742919925,265.96281494140624,264.1983164469401,257.3185348510742,241.4723907470703
2018-10-17,249.8800048828125,241.0800018310547,248.33999633789062,243.05999755859372,8241700.0,242.81704711914062,246.88995399475098,258.8676510620117,265.6880987548828,262.60923970540364,252.95590057373047,240.94691772460936
2018-10-18,247.41000366210938,237.08999633789062,245.8600006103516,239.52999877929688,13100500.0,239.2905731201172,247.02701286315917,258.77849945068357,265.31349884033204,260.7530965169271,248.98387451171874,241.82603759765624
2018-10-19,242.5500030517578,227.6999969482422,241.75999450683597,229.1699981689453,15340200.0,228.94093322753903,247.10673919677734,258.54191925048826,264.77104614257814,257.2998870849609,244.9189437866211,238.3555114746094
2018-10-22,235.32000732421875,227.07000732421875,231.27999877929688,231.22000122070312,9221100.0,230.98887634277344,247.18768035888672,258.33380599975584,264.30290069580076,253.42776285807292,241.46739807128907,237.5243408203125
2018-10-23,224.19000244140625,216.7100067138672,220.42999267578125,221.05999755859372,15660900.0,220.8390350341797,247.18496421813964,257.96997833251953,263.60519927978515,249.07078755696614,237.02384185791016,232.57529296875
2018-10-24,221.38999938964844,198.8500061035156,219.50999450683597,199.41000366210938,22107200.0,199.21067810058597,247.07440544128417,257.3176789855957,262.3688952636719,243.2552734375,232.4004684448242,223.85401916503906
2018-10-25,209.75,193.67999267578125,195.47000122070312,207.83999633789062,23793000.0,207.6322479248047,246.9972787475586,256.7473986816406,261.34795013427737,238.4967010498047,229.6741958618164,217.52235412597656
2018-10-26,204.83999633789062,193.1199951171875,198.30999755859372,198.2899932861328,16619600.0,198.0917816162109,246.87045516967774,256.0809150695801,260.1689440917969,233.73013712565105,224.85401763916016,211.35252380371094
2018-10-29,204.1300048828125,176.00999450683594,203.9900054931641,185.6199951171875,18950400.0,185.4344482421875,246.68582969665528,255.31032333374023,258.98880157470705,228.39214477539062,219.88298950195312,202.24163818359375
2018-10-30,203.3999938964844,185.6199951171875,186.5500030517578,203.0,20179800.0,202.79708862304688,246.60232749938965,254.71954849243164,258.0956051635742,224.2269775390625,215.6042709350586,198.63324890136718
2018-10-31,212.58999633789062,204.00999450683597,209.6499938964844,210.8300018310547,18644300.0,210.6192626953125,246.53495025634766,254.22356948852538,257.2494213867187,221.90530090332032,212.38449249267578,200.9149658203125
2018-11-01,218.4900054931641,207.19000244140625,212.3000030517578,218.1100006103516,14163200.0,217.89198303222656,246.50533279418946,253.7807482910156,256.35898529052736,220.77176818847656,210.24463348388673,202.96691284179687
2018-11-02,222.0,210.2100067138672,217.72999572753903,214.9199981689453,11324000.0,214.7051696777344,246.43151008605957,253.30785614013672,255.3245376586914,218.66587524414064,208.82105712890626,206.28959045410156
2018-11-05,215.3300018310547,205.27999877929688,214.38999938964844,211.7700042724609,9483300.0,211.55831909179688,246.32410293579102,252.7584649658203,254.11971954345702,217.09344787597655,206.87800140380858,211.51436462402344
2018-11-06,214.8500061035156,209.55999755859372,211.4499969482422,211.05999755859372,7475300.0,210.8490295410156,246.18712188720704,252.2184552001953,252.8272299194336,214.77776489257812,205.87900085449218,213.1247528076172
2018-11-07,217.41000366210938,211.17999267578125,213.75,213.7899932861328,12095300.0,213.5762939453125,246.07928398132324,251.70741577148436,251.61963775634766,212.82838134765626,207.31556243896483,213.71615905761718
2018-11-08,211.42999267578125,203.8300018310547,211.3999938964844,205.9900054931641,12783800.0,205.7841033935547,245.9297427368164,251.1675782775879,250.17108764648438,210.59461669921876,207.13074798583983,211.29458312988282
2018-11-09,209.32000732421875,201.0399932861328,202.3999938964844,205.6699981689453,10331000.0,205.46441650390625,245.743800201416,250.6031770324707,248.72972961425782,209.0295155843099,207.86801147460938,209.4464324951172
2018-11-12,202.8699951171875,188.66000366210938,201.97999572753903,189.5399932861328,15427900.0,189.3505401611328,245.45973724365234,249.92955657958984,246.9087515258789,206.25362650553384,208.2596206665039,205.00487670898437
2018-11-13,204.2100067138672,193.2400054931641,193.4900054931641,199.30999755859372,16117800.0,199.11077880859372,245.2450680541992,249.41504333496093,245.2226382446289,204.8050760904948,207.8909896850586,202.6572265625
2018-11-14,206.8800048828125,192.8300018310547,206.3000030517578,197.19000244140625,13164500.0,196.99290466308597,245.0044522857666,248.99746856689453,243.59966186523437,204.6572245279948,206.52835388183593,199.34054870605468
2018-11-15,205.3000030517578,195.5,196.9499969482422,202.38999938964844,21017700.0,202.1876983642578,244.81623680114745,248.60318588256837,242.19446807861328,204.29425455729168,204.95792541503906,198.62126770019532
2018-11-16,170.66000366210938,161.61000061035156,163.32000732421875,164.42999267578125,49088000.0,164.26564025878906,244.47321380615233,247.89228591918945,240.0480157470703,202.03917846679687,199.91397247314453,190.3815124511719
2018-11-19,161.82000732421875,144.6300048828125,161.7899932861328,144.6999969482422,42445500.0,144.55535888671875,244.1304637145996,246.9329624938965,237.4500146484375,199.31390584309895,193.21367645263672,181.42247619628907
2018-11-20,154.25999450683594,133.30999755859378,134.05999755859378,149.0800018310547,42300800.0,148.9309844970703,243.75035705566407,246.05693420410157,234.97808807373048,195.72283223470052,187.0218719482422,171.3865173339844
2018-11-21,155.3000030517578,143.61000061035156,154.6199951171875,144.7100067138672,25637400.0,144.5653533935547,243.33236701965333,245.08393203735352,232.5107568359375,191.31923828125,180.12077789306642,160.90100708007813
2018-11-23,149.58999633789062,142.7899932861328,143.30999755859375,145.0,10299200.0,144.8550567626953,242.9720686340332,244.16774353027344,229.98648223876953,186.45010986328126,174.02787322998046,149.43447875976562
2018-11-26,153.47000122070312,146.55999755859375,149.88999938964844,153.0500030517578,20370800.0,152.8970184326172,242.57938262939453,243.2731657409668,227.5213488769531,182.3295664469401,168.77113342285156,147.16075439453124
2018-11-27,157.00999450683594,150.5500030517578,152.0,153.72999572753906,18451500.0,153.57632446289062,242.21028678894044,242.33945205688477,225.11975158691405,178.46410013834637,165.19371185302734,148.96494750976564
2018-11-28,160.27999877929688,153.1300048828125,158.47999572753906,160.07000732421875,20113100.0,159.91000366210938,241.84992324829102,241.44990478515626,222.9029699707031,175.06816507975262,161.2736343383789,151.16075134277344
2018-11-29,161.5,156.13999938964844,160.0,157.36000061035156,13729300.0,157.36000061035156,241.4329820251465,240.49491928100585,220.61600677490233,171.3204121907552,157.31034393310546,153.7196807861328
2018-11-30,163.86000061035156,155.72000122070312,157.75,163.42999267578125,18239100.0,163.42999267578125,241.02106155395506,239.65774536132812,218.56433013916015,168.4968048095703,153.4345733642578,157.43466796875
2018-12-03,174.67999267578125,167.33999633789062,172.60000610351562,170.0399932861328,22270100.0,170.0399932861328,240.65545402526857,238.84972869873047,216.701396484375,166.1351765950521,154.0120086669922,160.86326293945314
2018-12-04,168.44000244140625,156.5,168.24000549316406,157.11000061035156,20302800.0,157.11000061035156,240.1990693664551,237.93148239135743,214.53490814208985,163.98580729166667,155.26747283935546,161.56999816894532
2018-12-06,158.49000549316406,150.80999755859375,151.44000244140625,158.2899932861328,17307700.0,158.2899932861328,239.78632942199707,237.03621887207032,212.33787353515626,161.26442159016926,156.20337371826173,161.24599609375
2018-12-07,158.8699951171875,145.6199951171875,158.4600067138672,147.61000061035156,17041900.0,147.61000061035156,239.31624809265136,235.97934020996092,209.95700958251953,157.97222798665365,156.5078384399414,159.29599609375
2018-12-10,152.86000061035156,145.64999389648438,145.8000030517578,151.86000061035156,15736800.0,151.86000061035156,238.84855758666993,234.98483078002928,207.65155517578125,154.61704813639324,157.20833282470704,156.98199768066405
2018-12-11,155.88999938964844,145.0,155.55999755859375,148.19000244140625,16797800.0,148.19000244140625,238.3592741394043,233.95032653808593,205.00057373046874,153.54533894856772,156.73763122558594,152.61199951171875
2018-12-12,152.77999877929688,144.82000732421875,148.4199981689453,148.89999389648438,16353400.0,148.89999389648438,237.8761350250244,232.93430450439453,202.19715881347656,153.8349812825521,156.2699981689453,150.96999816894532
2018-12-13,153.3800048828125,147.44000244140625,150.7899932861328,148.88999938964844,11784600.0,148.88999938964844,237.41320205688476,231.93295959472655,199.4510855102539,153.8322489420573,155.16799774169922,149.08999938964843
2018-12-14,150.58999633789062,145.5,147.2100067138672,146.4499969482422,11795500.0,146.4499969482422,236.98691314697265,230.91420379638672,196.65121765136718,153.95789184570313,154.07699737548828,148.85799865722657
2018-12-17,148.14999389648438,141.24000549316406,145.24000549316406,143.5800018310547,16571700.0,143.5800018310547,236.52467109680177,229.8351969909668,193.9426010131836,153.87288818359374,152.0919982910156,147.20199890136718
2018-12-18,150.3300018310547,144.25,145.35000610351562,146.94000244140625,14109300.0,146.94000244140625,236.08366943359374,228.76013610839843,191.4895962524414,153.4757537841797,149.78199920654296,146.95199890136718
2018-12-19,147.74000549316406,136.42999267578122,145.5800018310547,138.50999450683594,18634100.0,138.50999450683594,235.56803802490234,227.62893142700196,188.94970947265625,152.47133178710936,147.9219985961914,144.8739990234375
2018-12-20,141.8000030517578,132.69000244140622,138.16999816894528,135.10000610351562,18739700.0,135.10000610351562,235.03695327758788,226.54240493774415,186.3462176513672,150.81733194986978,145.60299987792968,142.11600036621093
2018-12-21,137.5,128.46000671386722,136.16999816894528,129.57000732421878,21593500.0,129.57000732421878,234.4815114593506,225.39328979492188,184.02872955322266,148.96466573079428,143.79900054931642,138.74000244140626
2018-12-24,129.97999572753906,124.5,126.48999786376952,127.08000183105469,11596000.0,127.08000183105469,233.89291442871092,224.20319961547852,181.8724301147461,146.5413330078125,141.3210006713867,135.44000244140625
2018-12-26,133.13999938964844,124.45999908447266,128.94000244140622,133.10000610351562,17377500.0,133.10000610351562,233.31231536865235,223.03187362670897,179.60855895996093,144.07866719563802,139.81200103759767,132.67200317382813
2018-12-27,132.3800048828125,125.18000030517578,130.99000549316406,131.16999816894528,15926100.0,131.16999816894528,232.7322940826416,221.82647033691407,177.52906433105468,142.34933369954427,138.03900146484375,131.20400390625
2018-12-28,137.38999938964844,130.30999755859378,132.0,133.64999389648438,15718200.0,133.64999389648438,232.15953384399415,220.6265968322754,175.29037872314453,140.7066670735677,136.51500091552734,130.91400146484375
2018-12-31,136.71000671386722,132.25999450683594,135.39999389648438,133.5,11628500.0,133.5,231.58303024291993,219.39606826782227,173.10403778076173,139.76600036621093,135.22000122070312,131.7
2019-01-02,138.47999572753906,130.05000305175778,130.63999938964844,136.22000122070312,12718800.0,136.22000122070312,231.01443893432617,218.17806259155273,171.04262634277345,138.72333374023438,134.48400115966797,133.5279998779297
2019-01-03,135.16000366210938,127.69000244140624,133.78999328613278,127.98999786376952,17638800.0,127.98999786376952,230.45199504852295,216.89732688903808,169.02360763549805,137.3766667683919,132.5890007019043,132.50599822998046
2019-01-04,137.72999572753906,129.69999694824222,130.94000244140622,136.19000244140622,14640500.0,136.19000244140622,229.88774394989014,215.71526542663574,167.1276301574707,136.52933400472006,132.35700149536132,133.50999908447267
2019-01-07,144.88999938964844,136.42999267578122,138.5,143.39999389648438,17729000.0,143.39999389648438,229.36463191986084,214.59202430725097,165.5788493347168,136.1633336385091,133.1870002746582,135.45999908447266
2019-01-08,146.77999877929688,136.89999389648438,146.69000244140625,139.83000183105472,19650400.0,139.83000183105472,228.85714725494384,213.38006553649902,164.39123580932616,135.7220006306966,134.2129997253418,136.7259994506836
2019-01-09,144.49000549316406,139.86000061035156,141.89999389648438,142.5800018310547,15431500.0,142.5800018310547,228.4077166366577,212.21907051086427,163.09019088745117,135.65533396402995,135.76299972534179,137.9979995727539
2019-01-10,145.5800018310547,139.36000061035156,141.8000030517578,145.22999572753906,13078900.0,145.22999572753906,227.91411045074463,211.10094963073732,162.03295516967773,135.5413335164388,136.97599868774415,141.4459991455078
2019-01-11,149.75,143.2100067138672,144.3300018310547,148.8300018310547,21859800.0,148.8300018310547,227.5330991744995,210.14483390808107,161.30086624145508,136.22933400472004,138.74199905395508,143.9739990234375
